-- phpMyAdmin SQL Dump
-- version 4.6.5.2
-- https://www.phpmyadmin.net/
--
-- Servidor: 127.0.0.1
-- Tiempo de generación: 11-07-2021 a las 05:30:21
-- Versión del servidor: 10.1.21-MariaDB
-- Versión de PHP: 5.6.30

SET SQL_MODE = "NO_AUTO_VALUE_ON_ZERO";
SET time_zone = "+00:00";


/*!40101 SET @OLD_CHARACTER_SET_CLIENT=@@CHARACTER_SET_CLIENT */;
/*!40101 SET @OLD_CHARACTER_SET_RESULTS=@@CHARACTER_SET_RESULTS */;
/*!40101 SET @OLD_COLLATION_CONNECTION=@@COLLATION_CONNECTION */;
/*!40101 SET NAMES utf8mb4 */;

--
-- Base de datos: `cootransguamo`
--

-- --------------------------------------------------------

--
-- Estructura de tabla para la tabla `asignar`
--

CREATE TABLE `asignar` (
  `id_asignar` int(10) NOT NULL,
  `num_interno_vehiculo` int(10) NOT NULL,
  `id_conductor` int(10) NOT NULL
) ENGINE=InnoDB DEFAULT CHARSET=utf8mb4 COLLATE=utf8mb4_spanish_ci;

--
-- Volcado de datos para la tabla `asignar`
--

INSERT INTO `asignar` (`id_asignar`, `num_interno_vehiculo`, `id_conductor`) VALUES
(1, 2, 2),
(2, 33, 1),
(3, 16, 3),
(4, 61, 4),
(5, 63, 5),
(6, 105, 6),
(7, 121, 7),
(8, 124, 8),
(9, 134, 9),
(10, 138, 10),
(11, 151, 11),
(12, 159, 12),
(13, 33, 8),
(14, 179, 13),
(15, 185, 14),
(16, 225, 15),
(17, 235, 16),
(18, 245, 17),
(19, 246, 18),
(20, 251, 19),
(21, 251, 20),
(22, 663, 22),
(23, 251, 21);

-- --------------------------------------------------------

--
-- Estructura de tabla para la tabla `categorias`
--

CREATE TABLE `categorias` (
  `id_categoria` int(3) NOT NULL,
  `categoria` varchar(2) COLLATE utf8mb4_spanish_ci NOT NULL,
  `descripcion` text COLLATE utf8mb4_spanish_ci NOT NULL
) ENGINE=InnoDB DEFAULT CHARSET=utf8mb4 COLLATE=utf8mb4_spanish_ci;

--
-- Volcado de datos para la tabla `categorias`
--

INSERT INTO `categorias` (`id_categoria`, `categoria`, `descripcion`) VALUES
(1, 'A1', 'Motocicletas de cilindraje igual o menor a 125 c.c'),
(2, 'A2', 'Motocicletas, motociclos y mototriciclos (moto taxis)  de cilindrajes superiores a 125 c.c.'),
(3, 'B1', 'Automóviles, motocarros, camperos, camionetas, vehículos cuatromotor y microbuses de servicio particular.'),
(4, 'B2', 'Camiones, buses y busetas de servicio particular.'),
(5, 'B3', 'Aplica para vehículos articulados o tractocamiones.'),
(6, 'C1', 'Especializado en automóviles, motocarros, cuatrimotor, camperos, camionetas y microbuses de servicio público.'),
(7, 'C2', 'Conducir camiones rígidos, buses y busetas de servicio público. '),
(8, 'C3', 'Aplica para vehículos articulados de servicio público.');

-- --------------------------------------------------------

--
-- Estructura de tabla para la tabla `conductores`
--

CREATE TABLE `conductores` (
  `id_conductor` int(10) NOT NULL,
  `documento_conductor` int(20) NOT NULL,
  `nombres_conductor` varchar(50) COLLATE utf8mb4_spanish_ci NOT NULL,
  `apellidos_conductor` varchar(50) COLLATE utf8mb4_spanish_ci NOT NULL,
  `direccion_conductor` varchar(50) COLLATE utf8mb4_spanish_ci NOT NULL,
  `celular_conductor` bigint(15) NOT NULL,
  `email` varchar(50) COLLATE utf8mb4_spanish_ci NOT NULL,
  `password` varchar(60) COLLATE utf8mb4_spanish_ci NOT NULL,
  `licencia_conductor` int(20) NOT NULL,
  `vigencia_licencia` date NOT NULL,
  `id_categoria` int(3) NOT NULL,
  `id_estado` int(2) NOT NULL,
  `id_tipo_usuario` int(10) NOT NULL,
  `fecha_alta` date NOT NULL
) ENGINE=InnoDB DEFAULT CHARSET=utf8mb4 COLLATE=utf8mb4_spanish_ci;

--
-- Volcado de datos para la tabla `conductores`
--

INSERT INTO `conductores` (`id_conductor`, `documento_conductor`, `nombres_conductor`, `apellidos_conductor`, `direccion_conductor`, `celular_conductor`, `email`, `password`, `licencia_conductor`, `vigencia_licencia`, `id_categoria`, `id_estado`, `id_tipo_usuario`, `fecha_alta`) VALUES
(1, 1212, 'Jorge', 'Lozano', 'calle 12', 1234, 'jorge@hotmail.com', '12345', 12345, '2021-07-30', 7, 1, 2, '2018-02-05'),
(2, 1313, 'Jairo', 'Sanchez', 'Cra 5', 3100987654, 'jairo@hotmail.com', '12345', 223344, '2021-07-09', 6, 1, 2, '2018-03-05'),
(3, 1414, 'Stiven', 'Lozano', 'Cra 6 #8-09', 3126547899, 'stiven@hotmail.com', '12345', 2147483647, '2021-07-30', 7, 1, 2, '2021-07-10'),
(4, 1515, 'Luis', 'Sandoval', 'calle 10', 3102568562, 'luis@hotmail.com', '12345', 156468795, '2021-07-28', 7, 1, 2, '2021-07-10'),
(5, 1616, 'Alexander', 'Rocha', 'calle 4', 3105890912, 'alexander@hotmail.com', '12345', 2147483647, '2021-10-28', 7, 1, 2, '2021-07-10'),
(6, 1717, 'Omar', 'Zapata', 'Cra 6 #8-20', 3135647896, 'omar@hotmail.com', '12345', 798456123, '2021-09-13', 7, 1, 2, '2021-07-10'),
(7, 1818, 'Raul', 'Hemsworth', 'calle 9', 3111234589, 'raul@hotmail.com', '12345', 2147483647, '2022-08-25', 7, 1, 2, '2021-07-10'),
(8, 1919, 'Cristian', 'Suarez', 'cra 8', 3125648523, 'cristian@hotmail.com', '12345', 2147483647, '2021-09-29', 7, 1, 2, '2021-07-10'),
(9, 2020, 'Carla', 'Ruiz', 'calle 9 #5 a 41', 3102697536, 'carla@hotmail.com', '12345', 357412365, '2021-07-23', 7, 1, 2, '2021-07-10'),
(10, 2121, 'Oriana', 'Lopez', 'cll 5', 3215698741, 'oriana@gmail.com', '12345', 369852147, '2021-07-28', 7, 1, 2, '2021-07-10'),
(11, 2222, 'Alberto', 'Ruiz', 'cll 67', 3105963698, 'alberto@gmail.com', '12345', 789654123, '2022-05-18', 8, 1, 2, '2021-07-10'),
(12, 2323, 'Erlendur', 'Saenz', 'cll 4', 3127539621, 'erlendur@gmail.com', '12345', 1235789965, '2022-06-14', 7, 1, 2, '2021-07-10'),
(13, 2424, 'Irma', 'Gonzalez', 'cll 63', 3112589645, 'irma@gmail.com', '12345', 1456332879, '2022-05-25', 7, 1, 2, '2021-07-10'),
(14, 2525, 'Jef', 'Guzman', 'cll 23', 3102587536, 'jef@gmail.com', '12345', 159357852, '2021-08-27', 7, 1, 2, '2021-07-10'),
(15, 2626, 'Fernando', 'Carrillo', 'cra 9', 3125647896, 'fernando@gmail.com', '12345', 1593654123, '2021-10-29', 7, 1, 2, '2021-07-10'),
(16, 2727, 'Miguel', 'Ruiz', 'cll 34', 3102587412, 'miguel@gmail.com', '12345', 2147483647, '2021-11-25', 7, 1, 2, '2021-07-10'),
(17, 2828, 'Andres', 'Lopez', 'cll 56', 3124175289, 'andres@hotmail.com', '12345', 1235789900, '2021-11-26', 7, 1, 2, '2021-07-10'),
(18, 2929, 'Jair', 'Amaya', 'cll 90', 32058961010, 'jair@hotmail.com', '12345', 1456332800, '2021-12-21', 7, 1, 2, '2021-07-10'),
(19, 3030, 'Jairo', 'Lozano', 'Carrera 5', 3200589500, 'jairo@gmail.com', '12345', 2147483647, '2021-09-20', 7, 1, 2, '2021-07-10'),
(20, 3131, 'Camilo ', 'Saenz', 'Carrera 9', 3100025036, 'camilo@gmail.com', '12345', 1456332002, '2021-09-23', 7, 1, 2, '2021-07-10'),
(21, 3232, 'Alejo', 'Zapata', 'Carrera 58', 3200103050, 'alejo@gmail.com', '12345', 2147483647, '2021-10-27', 7, 1, 2, '2021-07-10'),
(22, 3333, 'Jarod', 'Aya', 'calle 45 # 8 - 09', 3124175093, 'jarod@gmail.com', '12345', 1593570056, '2022-01-21', 7, 1, 2, '2021-07-10');

-- --------------------------------------------------------

--
-- Estructura de tabla para la tabla `contratar`
--

CREATE TABLE `contratar` (
  `id_contratar` int(10) NOT NULL,
  `id_conductor` int(10) NOT NULL,
  `id_propietario` int(10) NOT NULL
) ENGINE=InnoDB DEFAULT CHARSET=utf8mb4 COLLATE=utf8mb4_spanish_ci;

--
-- Volcado de datos para la tabla `contratar`
--

INSERT INTO `contratar` (`id_contratar`, `id_conductor`, `id_propietario`) VALUES
(1, 2, 2),
(2, 3, 3);

-- --------------------------------------------------------

--
-- Estructura de tabla para la tabla `departamentos`
--

CREATE TABLE `departamentos` (
  `id_departamento` int(11) NOT NULL,
  `departamento` varchar(50) COLLATE utf8mb4_spanish_ci NOT NULL
) ENGINE=InnoDB DEFAULT CHARSET=utf8mb4 COLLATE=utf8mb4_spanish_ci;

--
-- Volcado de datos para la tabla `departamentos`
--

INSERT INTO `departamentos` (`id_departamento`, `departamento`) VALUES
(1, 'Amazonas'),
(2, 'Antioquia'),
(3, 'Arauca'),
(4, 'Atlántico'),
(5, 'Bolívar'),
(6, 'Boyacá'),
(7, 'Caldas'),
(8, 'Caquetá'),
(9, 'Casanare'),
(10, 'Cauca'),
(11, 'Cesar'),
(12, 'Chocó'),
(13, 'Córdoba'),
(14, 'Cundinamarca'),
(15, 'Güainia'),
(16, 'Guaviare'),
(17, 'Huila'),
(18, 'La Guajira'),
(19, 'Magdalena'),
(20, 'Meta'),
(21, 'Nariño'),
(22, 'Norte de Santander'),
(23, 'Putumayo'),
(24, 'Quindo'),
(25, 'Risaralda'),
(26, 'San Andrés y Providencia'),
(27, 'Santander'),
(28, 'Sucre'),
(29, 'Tolima'),
(30, 'Valle del Cauca'),
(31, 'Vaupés'),
(32, 'Vichada');

-- --------------------------------------------------------

--
-- Estructura de tabla para la tabla `detalle_rodamiento`
--

CREATE TABLE `detalle_rodamiento` (
  `id_detalle_rodamiento` int(10) NOT NULL,
  `id_rodamiento` int(10) NOT NULL,
  `horario` time NOT NULL,
  `dia1` int(5) NOT NULL,
  `dia2` int(5) NOT NULL,
  `dia3` int(5) NOT NULL,
  `dia4` int(5) NOT NULL,
  `dia5` int(5) NOT NULL,
  `dia6` int(5) NOT NULL,
  `dia7` int(5) NOT NULL,
  `dia8` int(5) NOT NULL,
  `dia9` int(5) NOT NULL,
  `dia10` int(5) NOT NULL,
  `dia11` int(5) NOT NULL,
  `dia12` int(5) NOT NULL,
  `dia13` int(5) NOT NULL,
  `dia14` int(5) NOT NULL,
  `dia15` int(5) NOT NULL,
  `dia16` int(5) NOT NULL,
  `dia17` int(5) NOT NULL,
  `dia18` int(5) NOT NULL,
  `dia19` int(5) NOT NULL,
  `dia20` int(5) NOT NULL,
  `dia21` int(5) NOT NULL,
  `dia22` int(5) NOT NULL,
  `dia23` int(5) NOT NULL,
  `dia24` int(5) NOT NULL,
  `dia25` int(5) NOT NULL,
  `dia26` int(5) NOT NULL,
  `dia27` int(5) NOT NULL,
  `dia28` int(5) NOT NULL,
  `dia29` int(5) DEFAULT NULL,
  `dia30` int(5) DEFAULT NULL,
  `dia31` int(5) DEFAULT NULL
) ENGINE=InnoDB DEFAULT CHARSET=utf8mb4 COLLATE=utf8mb4_spanish_ci;

--
-- Volcado de datos para la tabla `detalle_rodamiento`
--

INSERT INTO `detalle_rodamiento` (`id_detalle_rodamiento`, `id_rodamiento`, `horario`, `dia1`, `dia2`, `dia3`, `dia4`, `dia5`, `dia6`, `dia7`, `dia8`, `dia9`, `dia10`, `dia11`, `dia12`, `dia13`, `dia14`, `dia15`, `dia16`, `dia17`, `dia18`, `dia19`, `dia20`, `dia21`, `dia22`, `dia23`, `dia24`, `dia25`, `dia26`, `dia27`, `dia28`, `dia29`, `dia30`, `dia31`) VALUES
(1, 1, '05:00:00', 225, 63, 159, 225, 16, 225, 61, 151, 61, 61, 151, 151, 63, 179, 245, 63, 151, 16, 235, 172, 16, 172, 151, 225, 63, 63, 179, 159, 124, 179, 172),
(2, 1, '05:10:00', 16, 245, 225, 159, 225, 172, 245, 245, 63, 16, 251, 172, 33, 124, 251, 33, 33, 124, 235, 124, 63, 172, 138, 245, 16, 159, 251, 235, 245, 63, 159),
(3, 1, '05:20:00', 235, 225, 235, 124, 172, 33, 124, 63, 235, 245, 138, 172, 225, 245, 245, 124, 138, 251, 33, 251, 63, 33, 16, 61, 63, 179, 251, 61, 151, 124, 225),
(4, 1, '05:30:00', 63, 138, 138, 124, 225, 172, 172, 159, 251, 225, 245, 124, 138, 16, 16, 235, 63, 251, 63, 251, 138, 225, 179, 251, 124, 159, 63, 138, 151, 172, 245),
(5, 1, '05:40:00', 235, 225, 138, 251, 33, 151, 124, 124, 179, 159, 172, 159, 179, 33, 251, 138, 235, 61, 16, 151, 138, 124, 235, 124, 225, 245, 151, 63, 61, 245, 61),
(6, 1, '05:50:00', 16, 159, 179, 61, 138, 172, 245, 138, 151, 225, 61, 251, 225, 159, 235, 33, 245, 159, 63, 251, 159, 159, 159, 61, 63, 124, 172, 245, 235, 179, 63),
(7, 1, '06:00:00', 61, 138, 61, 124, 16, 245, 124, 159, 124, 33, 33, 251, 172, 245, 61, 179, 179, 138, 124, 151, 61, 235, 245, 63, 159, 16, 235, 179, 159, 138, 179),
(8, 1, '06:10:00', 138, 251, 179, 159, 16, 33, 16, 63, 151, 33, 138, 251, 138, 159, 33, 61, 16, 16, 124, 16, 124, 63, 251, 124, 235, 235, 245, 124, 16, 251, 61),
(9, 1, '06:20:00', 245, 172, 225, 245, 124, 159, 251, 179, 63, 33, 251, 138, 16, 33, 245, 33, 16, 63, 245, 251, 235, 61, 251, 151, 33, 63, 245, 138, 33, 151, 33),
(10, 1, '06:30:00', 225, 245, 159, 245, 61, 61, 235, 16, 159, 179, 138, 138, 159, 138, 179, 235, 138, 138, 124, 33, 151, 172, 151, 63, 151, 179, 235, 63, 245, 235, 63),
(11, 1, '06:40:00', 245, 245, 33, 179, 179, 251, 63, 138, 225, 124, 251, 225, 159, 235, 251, 251, 61, 245, 235, 124, 61, 159, 63, 159, 172, 245, 63, 33, 172, 16, 235),
(12, 1, '06:50:00', 179, 124, 159, 124, 245, 61, 151, 235, 159, 251, 33, 63, 138, 245, 179, 151, 245, 179, 63, 172, 61, 16, 159, 251, 172, 33, 16, 179, 63, 235, 159),
(13, 1, '07:00:00', 245, 225, 179, 245, 172, 245, 251, 245, 225, 172, 124, 225, 159, 63, 16, 63, 235, 138, 245, 225, 151, 124, 235, 63, 251, 61, 63, 33, 159, 16, 235),
(14, 1, '07:10:00', 61, 61, 251, 124, 235, 16, 225, 235, 138, 225, 33, 235, 235, 159, 159, 138, 124, 179, 33, 61, 225, 63, 151, 124, 245, 225, 16, 138, 172, 33, 33),
(15, 1, '07:20:00', 16, 235, 159, 172, 179, 159, 245, 179, 235, 151, 225, 61, 63, 179, 172, 251, 235, 179, 16, 245, 63, 251, 225, 16, 172, 138, 138, 138, 179, 138, 124),
(16, 1, '07:30:00', 159, 124, 179, 179, 33, 138, 151, 245, 172, 16, 159, 245, 179, 33, 225, 138, 63, 251, 124, 33, 33, 159, 33, 124, 138, 63, 225, 138, 63, 33, 235),
(17, 1, '07:40:00', 16, 16, 61, 138, 245, 172, 16, 159, 245, 16, 251, 33, 16, 63, 159, 63, 151, 124, 124, 235, 235, 172, 138, 172, 235, 179, 172, 179, 251, 172, 124),
(18, 1, '07:50:00', 61, 245, 251, 172, 151, 251, 245, 159, 16, 63, 225, 16, 33, 251, 63, 235, 225, 235, 225, 172, 124, 172, 61, 172, 179, 33, 251, 138, 33, 61, 172),
(19, 1, '08:00:00', 124, 16, 61, 251, 124, 179, 251, 16, 225, 138, 61, 61, 138, 235, 172, 225, 16, 124, 251, 33, 225, 61, 124, 33, 225, 245, 159, 63, 245, 235, 159),
(20, 1, '08:10:00', 251, 16, 16, 61, 138, 63, 151, 138, 235, 245, 251, 16, 235, 63, 179, 225, 172, 33, 179, 138, 179, 33, 16, 63, 16, 172, 245, 138, 225, 235, 235),
(21, 1, '08:20:00', 251, 138, 172, 151, 179, 179, 179, 225, 159, 16, 33, 61, 61, 179, 63, 33, 179, 33, 63, 151, 63, 235, 245, 245, 16, 16, 245, 151, 245, 61, 61),
(22, 1, '08:30:00', 151, 16, 33, 138, 251, 124, 33, 251, 124, 63, 124, 225, 138, 225, 172, 235, 138, 138, 251, 251, 124, 151, 225, 235, 159, 172, 159, 33, 16, 138, 179),
(23, 1, '08:40:00', 124, 235, 179, 16, 124, 138, 138, 63, 16, 151, 179, 159, 151, 245, 138, 63, 159, 159, 16, 225, 124, 61, 235, 235, 33, 159, 33, 16, 172, 179, 33),
(24, 1, '08:50:00', 235, 124, 63, 61, 225, 179, 151, 225, 245, 151, 225, 124, 63, 245, 63, 172, 61, 33, 124, 179, 172, 33, 138, 33, 179, 33, 151, 235, 225, 63, 61),
(25, 1, '09:00:00', 179, 251, 225, 63, 172, 16, 124, 179, 179, 159, 124, 179, 124, 61, 61, 138, 235, 179, 124, 172, 124, 245, 138, 245, 225, 151, 16, 225, 16, 225, 61),
(26, 1, '09:10:00', 251, 151, 63, 16, 245, 251, 235, 63, 151, 159, 225, 179, 251, 251, 225, 179, 151, 225, 124, 151, 172, 124, 159, 225, 63, 225, 225, 179, 151, 63, 172),
(27, 1, '09:20:00', 124, 63, 245, 151, 225, 251, 159, 124, 159, 63, 159, 235, 235, 159, 159, 138, 61, 159, 225, 63, 245, 245, 225, 16, 61, 151, 251, 63, 245, 63, 138),
(28, 1, '09:30:00', 33, 63, 172, 251, 63, 33, 235, 251, 16, 251, 251, 33, 61, 61, 172, 33, 63, 245, 138, 151, 61, 33, 138, 159, 138, 251, 138, 245, 235, 124, 124),
(29, 1, '09:40:00', 151, 33, 245, 61, 16, 251, 63, 61, 172, 61, 235, 159, 235, 179, 63, 225, 172, 235, 159, 159, 33, 251, 61, 159, 245, 225, 16, 179, 16, 138, 235),
(30, 1, '09:50:00', 151, 16, 251, 179, 33, 235, 33, 33, 159, 124, 16, 61, 151, 138, 124, 225, 33, 124, 124, 16, 61, 251, 33, 245, 33, 151, 159, 251, 16, 33, 16),
(31, 1, '10:00:00', 172, 245, 251, 138, 63, 179, 225, 138, 225, 245, 172, 61, 172, 151, 61, 159, 159, 33, 235, 33, 172, 124, 235, 225, 179, 245, 63, 63, 124, 179, 16),
(32, 1, '10:10:00', 61, 16, 33, 225, 245, 235, 61, 251, 245, 179, 172, 159, 225, 172, 251, 179, 172, 138, 179, 138, 159, 179, 61, 33, 124, 172, 251, 63, 179, 235, 159),
(33, 1, '10:20:00', 245, 225, 225, 63, 172, 138, 235, 61, 251, 245, 16, 179, 245, 138, 159, 179, 33, 61, 225, 225, 63, 33, 33, 225, 33, 138, 245, 124, 16, 138, 33),
(34, 1, '10:30:00', 151, 159, 63, 151, 245, 16, 251, 179, 235, 138, 138, 151, 179, 61, 138, 235, 33, 33, 245, 251, 151, 138, 251, 235, 235, 63, 235, 61, 61, 245, 61),
(35, 1, '10:40:00', 151, 61, 124, 61, 33, 159, 61, 235, 33, 235, 251, 172, 245, 63, 61, 251, 159, 33, 172, 138, 225, 172, 251, 251, 225, 172, 16, 225, 61, 159, 235),
(36, 1, '10:50:00', 225, 61, 235, 235, 151, 63, 251, 61, 33, 61, 33, 179, 159, 245, 151, 16, 235, 138, 16, 245, 172, 172, 33, 63, 151, 16, 63, 33, 63, 225, 225),
(37, 1, '11:00:00', 138, 235, 245, 63, 245, 16, 63, 124, 179, 151, 61, 61, 251, 159, 151, 235, 251, 124, 179, 151, 124, 251, 179, 61, 33, 225, 172, 124, 172, 235, 16),
(38, 1, '11:10:00', 16, 61, 16, 138, 235, 151, 61, 16, 16, 124, 172, 251, 225, 138, 172, 151, 225, 61, 124, 61, 124, 33, 151, 159, 61, 138, 159, 235, 63, 245, 138),
(39, 1, '11:20:00', 225, 225, 16, 159, 179, 235, 151, 16, 151, 124, 159, 138, 172, 251, 245, 151, 138, 179, 124, 251, 63, 225, 159, 172, 33, 61, 245, 151, 16, 251, 225),
(40, 1, '11:30:00', 63, 33, 172, 61, 225, 33, 61, 251, 251, 138, 124, 251, 251, 245, 251, 159, 61, 245, 33, 245, 63, 138, 151, 124, 179, 124, 138, 225, 63, 16, 63),
(41, 1, '11:40:00', 124, 63, 61, 172, 172, 225, 138, 235, 245, 124, 16, 245, 63, 63, 61, 16, 63, 172, 138, 251, 33, 159, 16, 124, 172, 251, 16, 235, 225, 138, 33),
(42, 1, '11:50:00', 159, 16, 251, 235, 33, 151, 63, 16, 63, 235, 33, 245, 124, 245, 151, 225, 245, 151, 124, 179, 179, 33, 245, 16, 61, 124, 245, 16, 225, 138, 172),
(43, 1, '12:00:00', 159, 151, 245, 138, 159, 179, 251, 225, 172, 61, 61, 138, 61, 245, 251, 124, 172, 63, 61, 159, 151, 245, 159, 159, 124, 159, 63, 245, 61, 61, 172),
(44, 1, '12:10:00', 63, 61, 159, 159, 61, 63, 138, 251, 235, 179, 179, 16, 179, 124, 251, 151, 251, 159, 33, 63, 33, 225, 138, 159, 138, 138, 225, 61, 151, 159, 245),
(45, 1, '12:20:00', 138, 16, 61, 124, 225, 172, 16, 235, 235, 172, 225, 63, 251, 61, 235, 16, 16, 33, 235, 33, 172, 151, 63, 151, 179, 245, 172, 151, 179, 235, 61),
(46, 1, '12:30:00', 251, 151, 63, 151, 225, 225, 61, 33, 159, 63, 179, 61, 179, 61, 251, 61, 251, 61, 245, 245, 159, 16, 138, 16, 235, 172, 235, 138, 245, 251, 63),
(47, 1, '12:40:00', 16, 245, 172, 61, 151, 225, 124, 235, 235, 159, 235, 245, 225, 124, 251, 61, 245, 124, 33, 63, 63, 235, 172, 225, 124, 245, 225, 225, 16, 63, 172),
(48, 1, '12:50:00', 235, 245, 16, 151, 124, 245, 33, 138, 138, 235, 251, 159, 172, 61, 235, 63, 172, 151, 251, 61, 225, 172, 225, 225, 16, 33, 33, 63, 138, 61, 159),
(49, 1, '13:00:00', 151, 172, 33, 33, 16, 63, 225, 179, 138, 251, 245, 159, 172, 16, 151, 235, 16, 172, 138, 251, 251, 172, 124, 16, 151, 245, 172, 172, 61, 225, 124),
(50, 1, '13:10:00', 159, 251, 235, 16, 151, 16, 16, 138, 159, 251, 16, 251, 33, 235, 159, 225, 16, 138, 172, 159, 61, 245, 61, 235, 16, 245, 63, 172, 245, 151, 225),
(51, 1, '13:20:00', 172, 63, 63, 124, 138, 151, 151, 245, 138, 235, 179, 63, 63, 179, 151, 151, 16, 33, 61, 159, 172, 151, 63, 63, 245, 151, 16, 33, 33, 172, 159),
(52, 1, '13:30:00', 151, 124, 179, 63, 16, 16, 151, 16, 235, 251, 159, 159, 138, 245, 33, 16, 159, 179, 159, 151, 124, 61, 138, 33, 138, 172, 124, 61, 61, 235, 124),
(53, 1, '13:40:00', 245, 172, 159, 235, 33, 179, 251, 179, 138, 159, 63, 235, 172, 16, 172, 61, 225, 179, 172, 151, 151, 159, 61, 151, 251, 245, 33, 251, 235, 245, 151),
(54, 1, '13:50:00', 159, 33, 61, 179, 151, 179, 63, 33, 63, 61, 179, 251, 61, 124, 151, 33, 235, 33, 63, 33, 151, 225, 179, 151, 61, 179, 159, 63, 63, 251, 16),
(55, 1, '14:00:00', 61, 172, 33, 151, 124, 61, 245, 159, 61, 151, 225, 251, 225, 138, 245, 33, 179, 151, 63, 124, 251, 251, 61, 61, 225, 61, 235, 138, 63, 33, 138),
(56, 1, '14:10:00', 33, 16, 159, 61, 245, 251, 124, 16, 235, 159, 235, 61, 251, 179, 63, 159, 124, 138, 251, 225, 251, 33, 225, 251, 16, 245, 225, 225, 33, 159, 61),
(57, 1, '14:20:00', 151, 225, 63, 159, 63, 245, 159, 172, 172, 138, 225, 151, 61, 235, 61, 235, 138, 33, 225, 245, 33, 63, 235, 251, 159, 245, 245, 245, 172, 63, 63),
(58, 1, '14:30:00', 225, 138, 138, 16, 235, 138, 124, 138, 33, 172, 235, 16, 179, 16, 172, 179, 16, 61, 245, 16, 16, 235, 151, 63, 172, 63, 235, 151, 124, 225, 172),
(59, 1, '14:40:00', 225, 61, 16, 124, 138, 124, 61, 245, 245, 124, 33, 16, 61, 16, 16, 235, 63, 61, 33, 159, 225, 235, 235, 245, 124, 16, 159, 251, 63, 225, 151),
(60, 1, '14:50:00', 33, 124, 138, 159, 151, 179, 61, 16, 225, 159, 16, 235, 245, 124, 225, 151, 159, 138, 245, 235, 61, 151, 251, 235, 33, 33, 124, 245, 179, 124, 179),
(61, 1, '15:00:00', 151, 159, 124, 124, 33, 151, 63, 235, 235, 138, 159, 63, 61, 251, 63, 172, 124, 33, 61, 124, 179, 138, 63, 16, 172, 251, 179, 138, 245, 63, 225),
(62, 1, '15:10:00', 151, 151, 235, 172, 16, 245, 61, 225, 63, 251, 16, 159, 61, 16, 245, 179, 245, 251, 179, 172, 225, 225, 61, 151, 225, 251, 33, 63, 151, 16, 172),
(63, 1, '15:20:00', 124, 63, 33, 63, 138, 124, 138, 245, 172, 179, 63, 251, 138, 172, 16, 235, 124, 16, 16, 61, 16, 138, 33, 225, 235, 159, 235, 172, 124, 225, 151),
(64, 1, '15:30:00', 61, 61, 235, 124, 179, 235, 138, 138, 138, 225, 61, 172, 138, 124, 33, 61, 225, 245, 172, 16, 159, 33, 225, 245, 172, 124, 159, 33, 151, 179, 235),
(65, 1, '15:40:00', 63, 124, 179, 235, 61, 172, 124, 172, 172, 251, 33, 225, 124, 138, 179, 245, 235, 245, 172, 61, 61, 225, 159, 225, 235, 61, 172, 16, 251, 63, 172),
(66, 1, '15:50:00', 16, 179, 179, 172, 251, 61, 124, 225, 172, 225, 159, 235, 124, 33, 245, 172, 16, 245, 251, 61, 245, 61, 16, 225, 151, 225, 63, 235, 61, 235, 245),
(67, 1, '16:00:00', 179, 251, 172, 63, 179, 251, 225, 151, 16, 159, 245, 138, 235, 172, 225, 179, 151, 33, 159, 172, 172, 61, 245, 16, 172, 124, 151, 16, 151, 151, 16),
(68, 1, '16:10:00', 124, 245, 151, 16, 61, 33, 225, 151, 138, 235, 159, 33, 16, 63, 151, 63, 179, 16, 16, 16, 235, 225, 16, 124, 245, 33, 172, 245, 61, 124, 172),
(69, 1, '16:20:00', 63, 251, 245, 151, 151, 225, 159, 235, 251, 172, 245, 159, 61, 124, 245, 33, 225, 245, 235, 159, 16, 151, 138, 235, 179, 16, 63, 179, 16, 235, 61),
(70, 1, '16:30:00', 245, 159, 251, 63, 245, 245, 138, 245, 138, 179, 159, 61, 16, 179, 159, 16, 124, 235, 159, 225, 151, 63, 124, 179, 235, 245, 245, 138, 225, 33, 138),
(71, 1, '16:40:00', 16, 235, 63, 138, 179, 179, 179, 124, 33, 151, 172, 235, 63, 33, 172, 151, 124, 33, 179, 172, 124, 172, 16, 172, 172, 235, 16, 33, 16, 179, 138),
(72, 1, '16:50:00', 245, 124, 124, 61, 172, 16, 251, 159, 235, 235, 124, 235, 179, 16, 124, 235, 159, 251, 138, 225, 235, 225, 138, 33, 251, 16, 251, 151, 245, 33, 16),
(73, 1, '17:00:00', 251, 251, 179, 225, 151, 245, 179, 151, 124, 63, 63, 33, 179, 245, 159, 151, 235, 172, 251, 179, 33, 235, 33, 138, 251, 179, 138, 159, 172, 124, 124),
(74, 1, '17:10:00', 172, 225, 151, 63, 159, 159, 225, 251, 138, 159, 172, 16, 138, 138, 179, 159, 235, 151, 151, 61, 172, 225, 179, 63, 245, 172, 33, 235, 63, 33, 159),
(75, 1, '17:20:00', 138, 159, 159, 151, 33, 159, 159, 124, 124, 61, 151, 159, 61, 245, 124, 33, 138, 138, 151, 33, 172, 245, 245, 138, 245, 235, 124, 63, 225, 151, 61),
(76, 1, '17:30:00', 61, 61, 61, 251, 225, 245, 225, 63, 225, 151, 33, 179, 225, 63, 251, 159, 245, 63, 61, 245, 16, 16, 61, 151, 172, 138, 151, 225, 172, 179, 151),
(77, 1, '17:40:00', 33, 172, 159, 251, 245, 33, 245, 179, 33, 151, 63, 124, 172, 159, 172, 225, 138, 33, 159, 16, 159, 138, 33, 151, 16, 251, 16, 235, 179, 16, 61),
(78, 1, '17:50:00', 235, 159, 16, 245, 245, 179, 172, 159, 245, 179, 235, 251, 251, 172, 159, 251, 16, 251, 172, 61, 138, 151, 245, 235, 235, 151, 251, 138, 33, 245, 61),
(79, 1, '18:00:00', 63, 63, 138, 225, 61, 151, 225, 16, 63, 251, 33, 33, 225, 124, 159, 33, 235, 138, 16, 225, 235, 124, 235, 235, 124, 124, 179, 159, 16, 172, 179),
(80, 1, '18:10:00', 235, 138, 138, 138, 63, 138, 245, 251, 235, 245, 63, 138, 225, 172, 151, 235, 235, 225, 225, 251, 225, 151, 179, 251, 33, 245, 179, 251, 16, 124, 33),
(81, 1, '18:20:00', 179, 151, 151, 179, 63, 124, 245, 61, 159, 245, 225, 225, 245, 151, 16, 159, 63, 251, 251, 124, 16, 159, 245, 179, 16, 251, 151, 251, 63, 16, 159),
(82, 1, '18:30:00', 63, 179, 172, 251, 151, 151, 151, 225, 225, 151, 159, 159, 179, 151, 16, 172, 245, 245, 16, 33, 124, 225, 225, 124, 251, 124, 63, 172, 172, 124, 225),
(83, 1, '18:40:00', 159, 225, 151, 63, 124, 179, 124, 225, 61, 172, 225, 33, 179, 33, 179, 124, 138, 61, 63, 151, 138, 172, 245, 124, 16, 63, 124, 179, 179, 179, 33),
(84, 1, '18:50:00', 151, 159, 33, 179, 179, 151, 172, 225, 172, 172, 159, 61, 138, 172, 172, 151, 138, 251, 61, 124, 61, 159, 225, 63, 61, 124, 172, 33, 63, 172, 225),
(85, 1, '19:00:00', 61, 245, 63, 124, 124, 124, 159, 33, 61, 172, 172, 225, 225, 159, 172, 63, 33, 251, 61, 172, 151, 151, 179, 33, 124, 151, 245, 63, 235, 138, 138),
(86, 1, '19:10:00', 138, 151, 16, 61, 235, 124, 251, 33, 225, 172, 61, 63, 138, 172, 179, 251, 33, 63, 16, 124, 251, 235, 124, 179, 63, 172, 251, 179, 16, 124, 16),
(87, 1, '19:20:00', 159, 33, 235, 138, 124, 225, 172, 138, 138, 124, 172, 33, 172, 225, 138, 16, 235, 63, 33, 151, 245, 172, 16, 225, 124, 33, 138, 179, 235, 138, 138),
(88, 1, '19:30:00', 63, 245, 63, 179, 251, 179, 235, 251, 151, 225, 225, 61, 235, 138, 16, 179, 245, 16, 151, 251, 124, 159, 124, 159, 251, 245, 245, 235, 16, 16, 61),
(89, 1, '19:40:00', 159, 225, 159, 151, 225, 159, 63, 138, 235, 138, 245, 225, 251, 225, 138, 16, 124, 179, 16, 251, 245, 251, 33, 251, 251, 16, 138, 33, 138, 138, 124),
(90, 1, '19:50:00', 172, 179, 151, 63, 151, 16, 159, 179, 33, 33, 179, 235, 138, 16, 251, 33, 63, 159, 235, 124, 172, 124, 124, 245, 61, 179, 61, 225, 151, 138, 151),
(91, 1, '20:00:00', 124, 124, 159, 225, 159, 33, 251, 61, 61, 179, 245, 124, 124, 159, 61, 16, 138, 159, 251, 138, 245, 179, 179, 225, 245, 159, 179, 245, 16, 235, 33),
(92, 1, '20:10:00', 124, 159, 245, 138, 151, 63, 138, 225, 172, 124, 33, 16, 33, 124, 159, 172, 251, 179, 33, 159, 245, 151, 151, 179, 151, 235, 16, 235, 172, 159, 124),
(93, 1, '20:20:00', 235, 179, 172, 225, 245, 225, 251, 61, 33, 172, 179, 33, 33, 16, 172, 33, 235, 61, 172, 138, 159, 63, 172, 61, 159, 61, 138, 151, 61, 33, 63),
(94, 1, '20:30:00', 179, 235, 33, 159, 172, 16, 172, 159, 124, 235, 245, 235, 179, 235, 61, 172, 235, 63, 63, 138, 16, 33, 172, 138, 61, 124, 235, 245, 124, 33, 124),
(95, 1, '20:40:00', 61, 235, 16, 251, 225, 235, 225, 124, 159, 159, 61, 251, 33, 179, 225, 245, 179, 16, 235, 16, 172, 33, 225, 138, 151, 151, 33, 124, 16, 151, 225),
(96, 1, '20:50:00', 159, 172, 63, 33, 159, 138, 138, 16, 251, 179, 225, 151, 63, 251, 235, 172, 33, 225, 16, 251, 16, 151, 124, 63, 245, 124, 61, 33, 245, 61, 159),
(97, 1, '21:10:00', 16, 159, 138, 235, 63, 33, 245, 225, 251, 159, 159, 251, 63, 251, 235, 245, 124, 138, 235, 172, 225, 245, 138, 63, 251, 245, 235, 16, 138, 235, 245),
(98, 1, '21:10:00', 172, 235, 172, 138, 159, 179, 33, 16, 151, 16, 63, 159, 235, 61, 251, 172, 251, 16, 151, 16, 16, 151, 33, 138, 225, 61, 151, 138, 245, 172, 172),
(99, 1, '21:20:00', 151, 225, 245, 251, 124, 33, 245, 159, 245, 33, 245, 33, 235, 172, 33, 245, 245, 225, 179, 33, 33, 225, 63, 61, 151, 159, 179, 179, 138, 179, 61),
(100, 1, '21:30:00', 225, 16, 33, 179, 172, 159, 63, 179, 124, 251, 179, 251, 61, 61, 61, 251, 16, 172, 159, 151, 251, 172, 245, 179, 33, 245, 245, 124, 151, 159, 138),
(101, 2, '05:00:00', 61, 63, 124, 245, 235, 235, 245, 245, 63, 61, 61, 151, 16, 151, 124, 172, 33, 33, 124, 172, 172, 245, 235, 124, 172, 225, 245, 33, 179, 63, 61),
(102, 2, '05:10:00', 124, 124, 172, 61, 138, 33, 138, 235, 138, 151, 16, 235, 179, 245, 16, 151, 63, 172, 235, 159, 251, 245, 172, 225, 179, 179, 33, 151, 63, 179, 151),
(103, 2, '05:20:00', 63, 61, 225, 33, 172, 33, 159, 235, 61, 124, 245, 16, 159, 138, 179, 159, 63, 245, 16, 172, 16, 138, 33, 245, 159, 251, 251, 151, 179, 179, 172),
(104, 2, '05:30:00', 138, 245, 124, 179, 33, 138, 225, 235, 179, 179, 251, 159, 138, 225, 179, 124, 251, 245, 251, 151, 138, 245, 16, 251, 61, 151, 235, 16, 159, 172, 172),
(105, 2, '05:40:00', 245, 63, 124, 33, 138, 245, 138, 159, 225, 225, 159, 63, 124, 16, 225, 251, 245, 151, 179, 33, 235, 245, 235, 16, 159, 61, 251, 251, 16, 225, 63),
(106, 2, '05:50:00', 235, 225, 179, 245, 225, 151, 16, 225, 138, 16, 63, 16, 124, 251, 63, 124, 235, 138, 33, 33, 172, 245, 235, 235, 251, 151, 33, 179, 245, 16, 235),
(107, 2, '06:00:00', 16, 63, 16, 33, 225, 245, 138, 245, 245, 124, 124, 159, 172, 251, 151, 124, 61, 151, 172, 172, 179, 159, 63, 251, 151, 251, 159, 124, 179, 225, 225),
(108, 2, '06:10:00', 159, 159, 245, 235, 33, 61, 63, 235, 63, 172, 251, 16, 63, 138, 151, 251, 245, 251, 159, 63, 124, 172, 172, 235, 151, 225, 63, 61, 151, 33, 235),
(109, 2, '06:20:00', 33, 159, 16, 61, 61, 124, 61, 159, 251, 61, 63, 151, 235, 251, 251, 151, 151, 16, 33, 225, 63, 138, 225, 63, 151, 245, 159, 159, 124, 159, 225),
(110, 2, '06:30:00', 159, 61, 245, 124, 179, 61, 63, 138, 251, 124, 61, 138, 235, 172, 63, 151, 251, 245, 225, 33, 16, 172, 61, 251, 63, 225, 235, 159, 172, 61, 251),
(111, 2, '06:40:00', 124, 63, 251, 159, 251, 151, 124, 159, 151, 251, 138, 16, 151, 159, 172, 138, 179, 251, 151, 61, 159, 16, 159, 251, 138, 172, 138, 124, 16, 172, 245),
(112, 2, '06:50:00', 245, 235, 61, 16, 251, 151, 151, 33, 172, 251, 251, 61, 225, 16, 151, 179, 124, 225, 159, 159, 61, 33, 16, 16, 245, 172, 33, 245, 159, 159, 16),
(113, 2, '07:00:00', 251, 151, 151, 172, 63, 16, 151, 16, 159, 245, 179, 159, 245, 245, 16, 179, 16, 251, 63, 245, 151, 245, 225, 124, 172, 159, 251, 151, 63, 124, 225),
(114, 2, '07:10:00', 225, 151, 225, 172, 179, 172, 61, 151, 138, 235, 61, 159, 138, 159, 172, 225, 63, 124, 235, 16, 124, 235, 251, 151, 16, 138, 235, 251, 138, 245, 245),
(115, 2, '07:20:00', 172, 251, 61, 138, 235, 179, 151, 124, 63, 61, 63, 225, 16, 16, 138, 179, 33, 151, 61, 159, 61, 225, 225, 172, 179, 151, 61, 138, 179, 172, 33),
(116, 2, '07:30:00', 179, 179, 225, 235, 251, 63, 225, 225, 61, 16, 159, 33, 33, 172, 172, 138, 16, 63, 16, 151, 151, 225, 159, 235, 138, 63, 179, 151, 16, 159, 61),
(117, 2, '07:40:00', 245, 251, 235, 159, 61, 225, 159, 61, 225, 159, 235, 179, 172, 235, 138, 235, 138, 124, 16, 159, 61, 151, 124, 63, 33, 179, 179, 63, 251, 138, 63),
(118, 2, '07:50:00', 245, 33, 61, 16, 251, 172, 33, 179, 124, 159, 245, 172, 225, 138, 124, 124, 225, 225, 235, 179, 245, 151, 63, 159, 159, 151, 63, 245, 172, 225, 251),
(119, 2, '08:00:00', 172, 179, 172, 159, 159, 245, 138, 138, 63, 179, 179, 245, 61, 63, 61, 159, 138, 159, 225, 33, 151, 251, 33, 124, 16, 16, 225, 63, 138, 16, 16),
(120, 2, '08:10:00', 33, 159, 235, 235, 33, 235, 179, 63, 33, 179, 151, 251, 138, 172, 16, 159, 63, 138, 235, 159, 159, 235, 245, 245, 172, 172, 138, 61, 235, 138, 16),
(121, 2, '08:20:00', 151, 235, 138, 61, 179, 138, 172, 179, 251, 63, 245, 172, 159, 61, 138, 245, 235, 33, 159, 235, 235, 172, 172, 138, 151, 179, 63, 179, 159, 63, 16),
(122, 2, '08:30:00', 124, 61, 179, 33, 225, 33, 225, 179, 124, 33, 159, 251, 251, 225, 159, 235, 235, 151, 245, 159, 179, 245, 245, 179, 245, 138, 138, 138, 138, 16, 124),
(123, 2, '08:40:00', 61, 16, 124, 172, 225, 179, 61, 245, 225, 225, 172, 151, 63, 16, 138, 172, 124, 235, 179, 61, 179, 235, 124, 16, 179, 235, 16, 159, 179, 16, 245),
(124, 2, '08:50:00', 124, 124, 172, 225, 138, 245, 245, 235, 225, 33, 225, 251, 138, 159, 159, 61, 33, 61, 16, 16, 138, 63, 235, 124, 179, 61, 251, 172, 251, 124, 16),
(125, 2, '09:00:00', 124, 159, 172, 225, 33, 159, 63, 16, 61, 33, 151, 245, 251, 16, 138, 124, 33, 138, 151, 225, 159, 61, 33, 151, 235, 159, 33, 63, 16, 151, 235),
(126, 2, '09:10:00', 159, 225, 159, 245, 16, 225, 138, 251, 172, 61, 251, 159, 159, 151, 225, 124, 251, 151, 245, 245, 179, 16, 138, 63, 179, 172, 251, 61, 251, 61, 235),
(127, 2, '09:20:00', 172, 225, 61, 251, 33, 151, 251, 235, 124, 245, 159, 172, 235, 245, 245, 33, 33, 33, 124, 16, 124, 235, 16, 124, 172, 63, 235, 172, 235, 159, 16),
(128, 2, '09:30:00', 251, 61, 225, 179, 33, 33, 151, 159, 172, 172, 235, 245, 16, 159, 124, 172, 179, 33, 63, 172, 16, 225, 245, 124, 138, 245, 63, 179, 151, 251, 63),
(129, 2, '09:40:00', 124, 63, 124, 124, 159, 63, 124, 225, 159, 245, 151, 63, 251, 151, 179, 124, 225, 33, 225, 251, 33, 61, 235, 251, 172, 159, 159, 235, 179, 0, 0),
(130, 2, '09:50:00', 0, 0, 0, 0, 0, 0, 0, 0, 0, 0, 0, 0, 0, 0, 0, 0, 0, 0, 0, 0, 0, 0, 0, 0, 0, 0, 0, 0, 0, 0, 0),
(131, 2, '10:00:00', 0, 0, 0, 0, 0, 0, 0, 0, 0, 0, 0, 0, 0, 0, 0, 0, 0, 0, 0, 0, 0, 0, 0, 0, 0, 0, 0, 0, 0, 0, 0),
(132, 2, '10:10:00', 0, 0, 0, 0, 0, 0, 0, 0, 0, 0, 0, 0, 0, 0, 0, 0, 0, 0, 0, 0, 0, 0, 0, 0, 0, 0, 0, 0, 0, 0, 0),
(133, 2, '10:20:00', 0, 0, 0, 0, 0, 0, 0, 0, 0, 0, 0, 0, 0, 0, 0, 0, 0, 0, 0, 0, 0, 0, 0, 0, 0, 0, 0, 0, 0, 0, 0),
(134, 2, '10:30:00', 0, 0, 0, 0, 0, 0, 0, 0, 0, 0, 0, 0, 0, 0, 0, 0, 0, 0, 0, 0, 0, 0, 0, 0, 0, 0, 0, 0, 0, 0, 0),
(135, 2, '10:40:00', 0, 0, 0, 0, 0, 0, 0, 0, 0, 0, 0, 0, 0, 0, 0, 0, 0, 0, 0, 0, 0, 0, 0, 0, 0, 0, 0, 0, 0, 0, 0),
(136, 2, '10:50:00', 0, 0, 0, 0, 0, 0, 0, 0, 0, 0, 0, 0, 0, 0, 0, 0, 0, 0, 0, 0, 0, 0, 0, 0, 0, 0, 0, 0, 0, 0, 0),
(137, 2, '11:00:00', 0, 0, 0, 0, 0, 0, 0, 0, 0, 0, 0, 0, 0, 0, 0, 0, 0, 0, 0, 0, 0, 0, 0, 0, 0, 0, 0, 0, 0, 0, 0),
(138, 2, '11:10:00', 0, 0, 0, 0, 0, 0, 0, 0, 0, 0, 0, 0, 0, 0, 0, 0, 0, 0, 0, 0, 0, 0, 0, 0, 0, 0, 0, 0, 0, 0, 0),
(139, 2, '11:20:00', 0, 0, 0, 0, 0, 0, 0, 0, 0, 0, 0, 0, 0, 0, 0, 0, 0, 0, 0, 0, 0, 0, 0, 0, 0, 0, 0, 0, 0, 0, 0),
(140, 2, '11:30:00', 0, 0, 0, 0, 0, 0, 0, 0, 0, 0, 0, 0, 0, 0, 0, 0, 0, 0, 0, 0, 0, 0, 0, 0, 0, 0, 0, 0, 0, 0, 0),
(141, 2, '11:40:00', 0, 0, 0, 0, 0, 0, 0, 0, 0, 0, 0, 0, 0, 0, 0, 0, 0, 0, 0, 0, 0, 0, 0, 0, 0, 0, 0, 0, 0, 0, 0),
(142, 2, '11:50:00', 0, 0, 0, 0, 0, 0, 0, 0, 0, 0, 0, 0, 0, 0, 0, 0, 0, 0, 0, 0, 0, 0, 0, 0, 0, 0, 0, 0, 0, 0, 0),
(143, 2, '12:00:00', 0, 0, 0, 0, 0, 0, 0, 0, 0, 0, 0, 0, 0, 0, 0, 0, 0, 0, 0, 0, 0, 0, 0, 0, 0, 0, 0, 0, 0, 0, 0),
(144, 2, '12:10:00', 0, 0, 0, 0, 0, 0, 0, 0, 0, 0, 0, 0, 0, 0, 0, 0, 0, 0, 0, 0, 0, 0, 0, 0, 0, 0, 0, 0, 0, 0, 0),
(145, 2, '12:20:00', 0, 0, 0, 0, 0, 0, 0, 0, 0, 0, 0, 0, 0, 0, 0, 0, 0, 0, 0, 0, 0, 0, 0, 0, 0, 0, 0, 0, 0, 0, 0),
(146, 2, '12:30:00', 0, 0, 0, 0, 0, 0, 0, 0, 0, 0, 0, 0, 0, 0, 0, 0, 0, 0, 0, 0, 0, 0, 0, 0, 0, 0, 0, 0, 0, 0, 0),
(147, 2, '12:40:00', 0, 0, 0, 0, 0, 0, 0, 0, 0, 0, 0, 0, 0, 0, 0, 0, 0, 0, 0, 0, 0, 0, 0, 0, 0, 0, 0, 0, 0, 0, 0),
(148, 2, '12:50:00', 0, 0, 0, 0, 0, 0, 0, 0, 0, 0, 0, 0, 0, 0, 0, 0, 0, 0, 0, 0, 0, 0, 0, 0, 0, 0, 0, 0, 0, 0, 0),
(149, 2, '13:00:00', 0, 0, 0, 0, 0, 0, 0, 0, 0, 0, 0, 0, 0, 0, 0, 0, 0, 0, 0, 0, 0, 0, 0, 0, 0, 0, 0, 0, 0, 0, 0),
(150, 2, '13:10:00', 0, 0, 0, 0, 0, 0, 0, 0, 0, 0, 0, 0, 0, 0, 0, 0, 0, 0, 0, 0, 0, 0, 0, 0, 0, 0, 0, 0, 0, 0, 0),
(151, 2, '13:20:00', 0, 0, 0, 0, 0, 0, 0, 0, 0, 0, 0, 0, 0, 0, 0, 0, 0, 0, 0, 0, 0, 0, 0, 0, 0, 0, 0, 0, 0, 0, 0),
(152, 2, '13:30:00', 0, 0, 0, 0, 0, 0, 0, 0, 0, 0, 0, 0, 0, 0, 0, 0, 0, 0, 0, 0, 0, 0, 0, 0, 0, 0, 0, 0, 0, 0, 0),
(153, 2, '13:40:00', 0, 0, 0, 0, 0, 0, 0, 0, 0, 0, 0, 0, 0, 0, 0, 0, 0, 0, 0, 0, 0, 0, 0, 0, 0, 0, 0, 0, 0, 0, 0),
(154, 2, '13:50:00', 0, 0, 0, 0, 0, 0, 0, 0, 0, 0, 0, 0, 0, 0, 0, 0, 0, 0, 0, 0, 0, 0, 0, 0, 0, 0, 0, 0, 0, 0, 0),
(155, 2, '14:00:00', 0, 0, 0, 0, 0, 0, 0, 0, 0, 0, 0, 0, 0, 0, 0, 0, 0, 0, 0, 0, 0, 0, 0, 0, 0, 0, 0, 0, 0, 0, 0),
(156, 2, '14:10:00', 0, 0, 0, 0, 0, 0, 0, 0, 0, 0, 0, 0, 0, 0, 0, 0, 0, 0, 0, 0, 0, 0, 0, 0, 0, 0, 0, 0, 0, 0, 0),
(157, 2, '14:20:00', 0, 0, 0, 0, 0, 0, 0, 0, 0, 0, 0, 0, 0, 0, 0, 0, 0, 0, 0, 0, 0, 0, 0, 0, 0, 0, 0, 0, 0, 0, 0),
(158, 2, '14:30:00', 0, 0, 0, 0, 0, 0, 0, 0, 0, 0, 0, 0, 0, 0, 0, 0, 0, 0, 0, 0, 0, 0, 0, 0, 0, 0, 0, 0, 0, 0, 0),
(159, 2, '14:40:00', 0, 0, 0, 0, 0, 0, 0, 0, 0, 0, 0, 0, 0, 0, 0, 0, 0, 0, 0, 0, 0, 0, 0, 0, 0, 0, 0, 0, 0, 0, 0),
(160, 2, '14:50:00', 0, 0, 0, 0, 0, 0, 0, 0, 0, 0, 0, 0, 0, 0, 0, 0, 0, 0, 0, 0, 0, 0, 0, 0, 0, 0, 0, 0, 0, 0, 0),
(161, 2, '15:00:00', 0, 0, 0, 0, 0, 0, 0, 0, 0, 0, 0, 0, 0, 0, 0, 0, 0, 0, 0, 0, 0, 0, 0, 0, 0, 0, 0, 0, 0, 0, 0),
(162, 2, '15:10:00', 0, 0, 0, 0, 0, 0, 0, 0, 0, 0, 0, 0, 0, 0, 0, 0, 0, 0, 0, 0, 0, 0, 0, 0, 0, 0, 0, 0, 0, 0, 0),
(163, 2, '15:20:00', 0, 0, 0, 0, 0, 0, 0, 0, 0, 0, 0, 0, 0, 0, 0, 0, 0, 0, 0, 0, 0, 0, 0, 0, 0, 0, 0, 0, 0, 0, 0),
(164, 2, '15:30:00', 0, 0, 0, 0, 0, 0, 0, 0, 0, 0, 0, 0, 0, 0, 0, 0, 0, 0, 0, 0, 0, 0, 0, 0, 0, 0, 0, 0, 0, 0, 0),
(165, 2, '15:40:00', 0, 0, 0, 0, 0, 0, 0, 0, 0, 0, 0, 0, 0, 0, 0, 0, 0, 0, 0, 0, 0, 0, 0, 0, 0, 0, 0, 0, 0, 0, 0),
(166, 2, '15:50:00', 0, 0, 0, 0, 0, 0, 0, 0, 0, 0, 0, 0, 0, 0, 0, 0, 0, 0, 0, 0, 0, 0, 0, 0, 0, 0, 0, 0, 0, 0, 0),
(167, 2, '16:00:00', 0, 0, 0, 0, 0, 0, 0, 0, 0, 0, 0, 0, 0, 0, 0, 0, 0, 0, 0, 0, 0, 0, 0, 0, 0, 0, 0, 0, 0, 0, 0),
(168, 2, '16:10:00', 0, 0, 0, 0, 0, 0, 0, 0, 0, 0, 0, 0, 0, 0, 0, 0, 0, 0, 0, 0, 0, 0, 0, 0, 0, 0, 0, 0, 0, 0, 0),
(169, 2, '16:20:00', 0, 0, 0, 0, 0, 0, 0, 0, 0, 0, 0, 0, 0, 0, 0, 0, 0, 0, 0, 0, 0, 0, 0, 0, 0, 0, 0, 0, 0, 0, 0),
(170, 2, '16:30:00', 0, 0, 0, 0, 0, 0, 0, 0, 0, 0, 0, 0, 0, 0, 0, 0, 0, 0, 0, 0, 0, 0, 0, 0, 0, 0, 0, 0, 0, 0, 0),
(171, 2, '16:40:00', 0, 0, 0, 0, 0, 0, 0, 0, 0, 0, 0, 0, 0, 0, 0, 0, 0, 0, 0, 0, 0, 0, 0, 0, 0, 0, 0, 0, 0, 0, 0),
(172, 2, '16:50:00', 0, 0, 0, 0, 0, 0, 0, 0, 0, 0, 0, 0, 0, 0, 0, 0, 0, 0, 0, 0, 0, 0, 0, 0, 0, 0, 0, 0, 0, 0, 0),
(173, 2, '17:00:00', 0, 0, 0, 0, 0, 0, 0, 0, 0, 0, 0, 0, 0, 0, 0, 0, 0, 0, 0, 0, 0, 0, 0, 0, 0, 0, 0, 0, 0, 0, 0),
(174, 2, '17:10:00', 0, 0, 0, 0, 0, 0, 0, 0, 0, 0, 0, 0, 0, 0, 0, 0, 0, 0, 0, 0, 0, 0, 0, 0, 0, 0, 0, 0, 0, 0, 0),
(175, 2, '17:20:00', 0, 0, 0, 0, 0, 0, 0, 0, 0, 0, 0, 0, 0, 0, 0, 0, 0, 0, 0, 0, 0, 0, 0, 0, 0, 0, 0, 0, 0, 0, 0),
(176, 2, '17:30:00', 0, 0, 0, 0, 0, 0, 0, 0, 0, 0, 0, 0, 0, 0, 0, 0, 0, 0, 0, 0, 0, 0, 0, 0, 0, 0, 0, 0, 0, 0, 0),
(177, 2, '17:40:00', 0, 0, 0, 0, 0, 0, 0, 0, 0, 0, 0, 0, 0, 0, 0, 0, 0, 0, 0, 0, 0, 0, 0, 0, 0, 0, 0, 0, 0, 0, 0),
(178, 2, '17:50:00', 0, 0, 0, 0, 0, 0, 0, 0, 0, 0, 0, 0, 0, 0, 0, 0, 0, 0, 0, 0, 0, 0, 0, 0, 0, 0, 0, 0, 0, 0, 0),
(179, 2, '18:00:00', 0, 0, 0, 0, 0, 0, 0, 0, 0, 0, 0, 0, 0, 0, 0, 0, 0, 0, 0, 0, 0, 0, 0, 0, 0, 0, 0, 0, 0, 0, 0),
(180, 2, '18:10:00', 0, 0, 0, 0, 0, 0, 0, 0, 0, 0, 0, 0, 0, 0, 0, 0, 0, 0, 0, 0, 0, 0, 0, 0, 0, 0, 0, 0, 0, 0, 0),
(181, 2, '18:20:00', 0, 0, 0, 0, 0, 0, 0, 0, 0, 0, 0, 0, 0, 0, 0, 0, 0, 0, 0, 0, 0, 0, 0, 0, 0, 0, 0, 0, 0, 0, 0),
(182, 2, '18:30:00', 0, 0, 0, 0, 0, 0, 0, 0, 0, 0, 0, 0, 0, 0, 0, 0, 0, 0, 0, 0, 0, 0, 0, 0, 0, 0, 0, 0, 0, 0, 0),
(183, 2, '18:40:00', 0, 0, 0, 0, 0, 0, 0, 0, 0, 0, 0, 0, 0, 0, 0, 0, 0, 0, 0, 0, 0, 0, 0, 0, 0, 0, 0, 0, 0, 0, 0),
(184, 2, '18:50:00', 0, 0, 0, 0, 0, 0, 0, 0, 0, 0, 0, 0, 0, 0, 0, 0, 0, 0, 0, 0, 0, 0, 0, 0, 0, 0, 0, 0, 0, 0, 0),
(185, 2, '19:00:00', 0, 0, 0, 0, 0, 0, 0, 0, 0, 0, 0, 0, 0, 0, 0, 0, 0, 0, 0, 0, 0, 0, 0, 0, 0, 0, 0, 0, 0, 0, 0),
(186, 2, '19:10:00', 0, 0, 0, 0, 0, 0, 0, 0, 0, 0, 0, 0, 0, 0, 0, 0, 0, 0, 0, 0, 0, 0, 0, 0, 0, 0, 0, 0, 0, 0, 0),
(187, 2, '19:20:00', 0, 0, 0, 0, 0, 0, 0, 0, 0, 0, 0, 0, 0, 0, 0, 0, 0, 0, 0, 0, 0, 0, 0, 0, 0, 0, 0, 0, 0, 0, 0),
(188, 2, '19:30:00', 0, 0, 0, 0, 0, 0, 0, 0, 0, 0, 0, 0, 0, 0, 0, 0, 0, 0, 0, 0, 0, 0, 0, 0, 0, 0, 0, 0, 0, 0, 0),
(189, 2, '19:40:00', 0, 0, 0, 0, 0, 0, 0, 0, 0, 0, 0, 0, 0, 0, 0, 0, 0, 0, 0, 0, 0, 0, 0, 0, 0, 0, 0, 0, 0, 0, 0),
(190, 2, '19:50:00', 0, 0, 0, 0, 0, 0, 0, 0, 0, 0, 0, 0, 0, 0, 0, 0, 0, 0, 0, 0, 0, 0, 0, 0, 0, 0, 0, 0, 0, 0, 0),
(191, 2, '20:00:00', 0, 0, 0, 0, 0, 0, 0, 0, 0, 0, 0, 0, 0, 0, 0, 0, 0, 0, 0, 0, 0, 0, 0, 0, 0, 0, 0, 0, 0, 0, 0),
(192, 2, '20:10:00', 0, 0, 0, 0, 0, 0, 0, 0, 0, 0, 0, 0, 0, 0, 0, 0, 0, 0, 0, 0, 0, 0, 0, 0, 0, 0, 0, 0, 0, 0, 0),
(193, 2, '20:20:00', 0, 0, 0, 0, 0, 0, 0, 0, 0, 0, 0, 0, 0, 0, 0, 0, 0, 0, 0, 0, 0, 0, 0, 0, 0, 0, 0, 0, 0, 0, 0),
(194, 2, '20:30:00', 0, 0, 0, 0, 0, 0, 0, 0, 0, 0, 0, 0, 0, 0, 0, 0, 0, 0, 0, 0, 0, 0, 0, 0, 0, 0, 0, 0, 0, 0, 0),
(195, 2, '20:40:00', 0, 0, 0, 0, 0, 0, 0, 0, 0, 0, 0, 0, 0, 0, 0, 0, 0, 0, 0, 0, 0, 0, 0, 0, 0, 0, 0, 0, 0, 0, 0),
(196, 2, '20:50:00', 0, 0, 0, 0, 0, 0, 0, 0, 0, 0, 0, 0, 0, 0, 0, 0, 0, 0, 0, 0, 0, 0, 0, 0, 0, 0, 0, 0, 0, 0, 0),
(197, 2, '21:10:00', 0, 0, 0, 0, 0, 0, 0, 0, 0, 0, 0, 0, 0, 0, 0, 0, 0, 0, 0, 0, 0, 0, 0, 0, 0, 0, 0, 0, 0, 0, 0),
(198, 2, '21:10:00', 0, 0, 0, 0, 0, 0, 0, 0, 0, 0, 0, 0, 0, 0, 0, 0, 0, 0, 0, 0, 0, 0, 0, 0, 0, 0, 0, 0, 0, 0, 0),
(199, 2, '21:20:00', 0, 0, 0, 0, 0, 0, 0, 0, 0, 0, 0, 0, 0, 0, 0, 0, 0, 0, 0, 0, 0, 0, 0, 0, 0, 0, 0, 0, 0, 0, 0),
(200, 2, '21:30:00', 0, 0, 0, 0, 0, 0, 0, 0, 0, 0, 0, 0, 0, 0, 0, 0, 0, 0, 0, 0, 0, 0, 0, 0, 0, 0, 0, 0, 0, 0, 0),
(201, 3, '05:00:00', 33, 151, 33, 16, 245, 235, 124, 245, 33, 138, 63, 235, 245, 138, 16, 63, 245, 251, 138, 61, 225, 151, 251, 172, 33, 124, 179, 225, 124, 33, 124),
(202, 3, '05:10:00', 33, 235, 61, 61, 251, 124, 61, 235, 138, 138, 172, 179, 172, 251, 61, 172, 159, 151, 225, 159, 138, 151, 61, 245, 16, 179, 225, 159, 251, 61, 245),
(203, 3, '05:20:00', 124, 159, 172, 179, 251, 179, 245, 124, 151, 179, 251, 245, 151, 33, 61, 151, 63, 151, 33, 138, 138, 235, 251, 16, 225, 245, 245, 124, 235, 172, 235),
(204, 3, '05:30:00', 63, 33, 16, 245, 179, 61, 63, 63, 235, 33, 138, 179, 245, 245, 151, 151, 61, 138, 124, 124, 33, 159, 138, 235, 61, 33, 159, 245, 61, 172, 179),
(205, 3, '05:40:00', 124, 245, 172, 138, 159, 172, 63, 124, 124, 172, 225, 245, 138, 151, 225, 63, 124, 235, 179, 138, 251, 138, 172, 16, 16, 172, 225, 16, 33, 124, 33),
(206, 3, '05:50:00', 138, 151, 151, 172, 235, 61, 251, 124, 124, 61, 179, 151, 124, 159, 159, 172, 63, 16, 61, 16, 172, 159, 61, 172, 251, 225, 16, 151, 138, 159, 138),
(207, 3, '06:00:00', 235, 138, 159, 124, 61, 63, 124, 172, 61, 151, 63, 235, 251, 63, 172, 138, 138, 138, 251, 172, 33, 251, 179, 159, 138, 235, 225, 138, 172, 159, 235),
(208, 3, '06:10:00', 33, 33, 61, 124, 225, 124, 245, 61, 245, 61, 225, 235, 151, 235, 138, 172, 235, 61, 251, 225, 225, 172, 179, 138, 16, 63, 61, 251, 235, 245, 63),
(209, 3, '06:20:00', 159, 159, 16, 138, 33, 16, 33, 151, 172, 16, 179, 225, 245, 225, 33, 251, 63, 225, 33, 151, 159, 159, 245, 124, 138, 16, 245, 172, 159, 159, 179),
(210, 3, '06:30:00', 16, 124, 179, 245, 225, 63, 124, 172, 33, 138, 159, 33, 225, 159, 16, 138, 225, 235, 138, 245, 159, 151, 225, 159, 235, 159, 151, 225, 63, 124, 159),
(211, 3, '06:40:00', 172, 159, 138, 63, 151, 251, 124, 172, 124, 235, 16, 16, 179, 33, 172, 61, 159, 124, 63, 124, 235, 179, 179, 16, 63, 179, 179, 16, 61, 63, 61),
(212, 3, '06:50:00', 225, 159, 159, 225, 225, 225, 33, 225, 33, 16, 63, 172, 61, 16, 245, 124, 179, 225, 138, 16, 33, 33, 225, 61, 124, 124, 138, 33, 16, 124, 138),
(213, 3, '07:00:00', 138, 235, 138, 235, 16, 151, 33, 61, 16, 172, 124, 33, 61, 179, 138, 225, 124, 235, 16, 151, 225, 159, 61, 172, 63, 124, 124, 16, 159, 61, 138),
(214, 3, '07:10:00', 172, 61, 235, 179, 61, 16, 63, 159, 172, 251, 16, 251, 172, 124, 225, 61, 245, 225, 63, 225, 124, 172, 124, 179, 235, 235, 63, 16, 235, 151, 225),
(215, 3, '07:20:00', 172, 179, 151, 138, 63, 61, 33, 245, 138, 235, 172, 61, 151, 138, 159, 225, 179, 138, 138, 179, 63, 151, 61, 235, 179, 124, 159, 61, 225, 225, 33),
(216, 3, '07:30:00', 16, 251, 138, 138, 16, 235, 63, 251, 63, 63, 61, 16, 151, 124, 159, 16, 225, 124, 179, 33, 225, 63, 16, 33, 151, 63, 151, 124, 124, 159, 124),
(217, 3, '07:40:00', 225, 179, 124, 124, 151, 159, 16, 245, 63, 179, 63, 138, 124, 225, 16, 61, 61, 179, 138, 251, 63, 16, 159, 235, 251, 235, 16, 179, 151, 172, 251),
(218, 3, '07:50:00', 138, 245, 159, 33, 251, 179, 61, 159, 235, 124, 235, 61, 225, 63, 138, 63, 172, 251, 61, 63, 151, 172, 63, 245, 61, 61, 33, 151, 16, 172, 124),
(219, 3, '08:00:00', 124, 63, 235, 159, 33, 33, 251, 235, 61, 151, 138, 63, 124, 16, 179, 159, 33, 151, 172, 251, 225, 172, 235, 124, 124, 172, 16, 138, 251, 138, 124),
(220, 3, '08:10:00', 172, 61, 124, 245, 124, 16, 159, 235, 124, 245, 63, 179, 172, 172, 151, 151, 124, 61, 33, 151, 225, 159, 179, 235, 172, 138, 159, 159, 138, 33, 225),
(221, 3, '08:20:00', 63, 172, 124, 138, 251, 138, 151, 245, 63, 172, 159, 251, 61, 225, 33, 124, 235, 151, 33, 251, 138, 151, 61, 63, 251, 172, 33, 124, 251, 63, 172),
(222, 3, '08:30:00', 16, 172, 245, 235, 33, 138, 159, 251, 172, 245, 151, 245, 245, 138, 235, 245, 16, 245, 33, 251, 235, 33, 245, 16, 172, 251, 124, 16, 179, 245, 235),
(223, 3, '08:40:00', 235, 16, 251, 61, 16, 172, 124, 33, 251, 245, 251, 61, 61, 251, 159, 245, 61, 124, 159, 63, 138, 124, 138, 172, 179, 124, 251, 124, 225, 33, 61),
(224, 3, '08:50:00', 225, 179, 179, 124, 235, 138, 124, 151, 138, 61, 235, 179, 151, 245, 16, 63, 159, 179, 179, 124, 124, 33, 138, 124, 151, 63, 63, 225, 225, 61, 235),
(225, 3, '09:00:00', 16, 251, 245, 63, 179, 63, 225, 16, 225, 159, 138, 235, 151, 61, 245, 159, 16, 33, 138, 16, 245, 235, 225, 172, 225, 16, 61, 179, 225, 138, 151),
(226, 3, '09:10:00', 16, 235, 16, 251, 235, 159, 235, 245, 251, 61, 138, 225, 138, 172, 235, 235, 179, 16, 33, 63, 63, 179, 33, 179, 159, 245, 16, 63, 159, 16, 235),
(227, 3, '09:20:00', 245, 16, 151, 179, 16, 245, 151, 33, 235, 251, 251, 151, 16, 225, 63, 138, 16, 33, 159, 225, 172, 159, 245, 33, 225, 151, 151, 61, 151, 63, 61),
(228, 3, '09:30:00', 151, 33, 179, 138, 138, 138, 245, 33, 61, 138, 235, 16, 251, 225, 61, 251, 159, 33, 225, 235, 235, 245, 159, 124, 172, 251, 16, 159, 63, 33, 172),
(229, 3, '09:40:00', 159, 235, 124, 151, 159, 124, 179, 179, 225, 151, 61, 225, 172, 159, 225, 61, 61, 159, 251, 225, 159, 235, 124, 138, 124, 235, 225, 179, 225, 124, 251),
(230, 3, '09:50:00', 159, 172, 16, 172, 63, 245, 245, 16, 151, 63, 179, 63, 251, 172, 33, 251, 245, 172, 251, 251, 138, 61, 245, 124, 151, 138, 151, 124, 138, 179, 124),
(231, 3, '10:00:00', 179, 235, 151, 151, 225, 179, 235, 16, 159, 251, 138, 251, 159, 245, 251, 61, 172, 151, 151, 235, 33, 33, 16, 61, 245, 16, 151, 124, 151, 245, 63),
(232, 3, '10:10:00', 235, 61, 63, 225, 63, 251, 124, 16, 159, 245, 179, 251, 235, 251, 159, 124, 151, 124, 151, 251, 251, 159, 63, 159, 151, 225, 251, 151, 138, 138, 124),
(233, 3, '10:20:00', 172, 33, 235, 61, 16, 245, 225, 138, 61, 151, 61, 138, 151, 138, 16, 225, 159, 33, 235, 63, 225, 61, 61, 172, 159, 124, 63, 225, 172, 179, 245),
(234, 3, '10:30:00', 33, 33, 245, 235, 245, 251, 16, 151, 235, 245, 124, 16, 172, 61, 63, 63, 33, 245, 138, 159, 33, 61, 172, 33, 33, 124, 151, 159, 225, 138, 245),
(235, 3, '10:40:00', 124, 251, 172, 179, 33, 245, 245, 251, 251, 124, 124, 16, 225, 251, 33, 63, 159, 16, 138, 159, 159, 16, 251, 124, 151, 235, 33, 61, 61, 245, 33),
(236, 3, '10:50:00', 63, 61, 235, 61, 172, 151, 16, 251, 33, 251, 235, 235, 159, 225, 235, 179, 33, 63, 172, 251, 16, 33, 124, 151, 16, 33, 63, 245, 16, 63, 159),
(237, 3, '11:00:00', 251, 124, 63, 179, 172, 179, 251, 172, 61, 245, 225, 159, 63, 179, 33, 251, 124, 124, 159, 16, 245, 245, 61, 16, 124, 138, 151, 61, 172, 33, 251),
(238, 3, '11:10:00', 61, 159, 225, 245, 138, 63, 172, 151, 63, 33, 151, 172, 159, 16, 33, 245, 138, 16, 225, 61, 61, 61, 225, 61, 138, 33, 179, 159, 159, 33, 151),
(239, 3, '11:20:00', 235, 33, 172, 235, 16, 159, 172, 63, 63, 151, 159, 63, 235, 151, 151, 172, 172, 172, 61, 138, 225, 245, 251, 179, 245, 235, 179, 159, 33, 235, 33),
(240, 3, '11:30:00', 225, 159, 172, 33, 63, 124, 124, 151, 172, 245, 225, 151, 225, 124, 179, 251, 151, 61, 124, 61, 245, 159, 63, 151, 235, 151, 251, 151, 61, 179, 172),
(241, 3, '11:40:00', 235, 16, 179, 245, 33, 172, 138, 179, 63, 172, 251, 61, 245, 124, 235, 225, 225, 235, 179, 33, 159, 245, 124, 151, 172, 16, 225, 225, 138, 179, 245),
(242, 3, '11:50:00', 61, 138, 225, 251, 61, 245, 172, 33, 251, 151, 124, 172, 225, 16, 172, 16, 124, 235, 245, 225, 235, 179, 33, 16, 235, 225, 159, 16, 245, 172, 16),
(243, 3, '12:00:00', 251, 172, 245, 138, 179, 33, 245, 179, 251, 61, 159, 225, 61, 138, 124, 179, 124, 124, 63, 235, 33, 245, 16, 251, 245, 151, 172, 235, 151, 16, 225),
(244, 3, '12:10:00', 172, 172, 124, 138, 225, 151, 225, 63, 33, 235, 179, 61, 61, 245, 61, 63, 225, 235, 151, 33, 179, 225, 235, 63, 63, 245, 179, 33, 159, 63, 245),
(245, 3, '12:20:00', 151, 245, 124, 16, 124, 138, 33, 61, 138, 151, 179, 138, 138, 245, 235, 172, 251, 235, 251, 151, 245, 235, 172, 63, 245, 225, 235, 225, 16, 16, 138),
(246, 3, '12:30:00', 159, 251, 235, 33, 159, 138, 225, 33, 16, 172, 61, 245, 16, 33, 63, 63, 245, 124, 63, 151, 124, 151, 124, 124, 63, 172, 33, 172, 63, 235, 251),
(247, 3, '12:40:00', 16, 61, 16, 225, 179, 225, 61, 124, 235, 33, 16, 251, 138, 138, 251, 225, 151, 61, 159, 251, 245, 159, 61, 245, 159, 138, 151, 172, 138, 16, 61),
(248, 3, '12:50:00', 16, 16, 63, 225, 61, 16, 235, 138, 179, 245, 235, 33, 172, 179, 63, 172, 179, 225, 225, 245, 225, 16, 179, 61, 138, 235, 225, 172, 63, 159, 245),
(249, 3, '13:00:00', 61, 179, 124, 124, 245, 124, 225, 225, 235, 225, 151, 235, 16, 159, 159, 251, 61, 179, 151, 151, 63, 151, 172, 151, 33, 33, 61, 63, 172, 63, 251),
(250, 3, '13:10:00', 63, 151, 159, 225, 61, 159, 33, 138, 63, 179, 172, 179, 245, 124, 138, 151, 124, 235, 33, 124, 138, 16, 251, 33, 251, 235, 179, 33, 172, 33, 124),
(251, 3, '13:20:00', 138, 124, 61, 179, 16, 124, 179, 61, 16, 245, 235, 179, 172, 63, 63, 151, 235, 235, 225, 151, 235, 151, 33, 179, 235, 151, 61, 225, 235, 151, 138),
(252, 3, '13:30:00', 124, 33, 16, 251, 63, 16, 251, 245, 235, 16, 251, 33, 159, 16, 251, 245, 138, 61, 179, 235, 16, 124, 151, 33, 16, 151, 245, 124, 33, 245, 225),
(253, 3, '13:40:00', 251, 251, 179, 124, 172, 63, 225, 235, 124, 235, 16, 138, 179, 16, 61, 245, 179, 124, 225, 179, 159, 159, 61, 245, 251, 225, 172, 172, 16, 33, 33),
(254, 3, '13:50:00', 151, 179, 225, 225, 172, 235, 235, 159, 16, 159, 151, 172, 245, 16, 124, 251, 179, 61, 61, 151, 124, 172, 225, 179, 124, 61, 151, 179, 159, 159, 179),
(255, 3, '14:00:00', 138, 172, 172, 124, 16, 61, 159, 159, 251, 179, 159, 235, 16, 16, 16, 172, 124, 16, 179, 159, 33, 61, 124, 235, 159, 16, 159, 61, 61, 245, 16),
(256, 3, '14:10:00', 179, 172, 138, 172, 235, 251, 151, 235, 225, 245, 179, 16, 251, 16, 251, 124, 16, 151, 151, 124, 172, 61, 33, 179, 138, 159, 159, 235, 16, 63, 61),
(257, 3, '14:20:00', 61, 61, 179, 251, 33, 235, 179, 16, 61, 172, 63, 124, 138, 245, 138, 33, 172, 151, 124, 33, 225, 63, 159, 172, 225, 172, 63, 235, 251, 33, 235),
(258, 3, '14:30:00', 251, 225, 124, 16, 138, 33, 33, 172, 33, 225, 245, 172, 172, 151, 63, 251, 124, 159, 124, 245, 251, 251, 235, 124, 151, 138, 151, 159, 225, 179, 151),
(259, 3, '14:40:00', 225, 16, 16, 16, 151, 16, 159, 16, 16, 138, 151, 16, 235, 61, 124, 138, 225, 151, 151, 61, 235, 124, 251, 151, 159, 179, 151, 124, 151, 159, 61),
(260, 3, '14:50:00', 16, 63, 124, 16, 138, 251, 179, 151, 225, 172, 63, 138, 151, 172, 159, 172, 61, 61, 124, 225, 151, 251, 225, 124, 225, 159, 245, 251, 245, 61, 179),
(261, 3, '15:00:00', 251, 63, 235, 179, 33, 151, 179, 179, 151, 138, 251, 245, 245, 235, 16, 179, 16, 16, 172, 33, 245, 16, 16, 245, 251, 159, 179, 172, 16, 179, 245),
(262, 3, '15:10:00', 251, 159, 172, 172, 16, 172, 151, 16, 235, 138, 151, 33, 63, 172, 235, 124, 33, 172, 151, 16, 159, 245, 235, 179, 33, 16, 251, 138, 63, 151, 16),
(263, 3, '15:20:00', 179, 124, 63, 138, 179, 179, 63, 151, 61, 225, 245, 63, 61, 16, 16, 16, 179, 172, 16, 16, 138, 235, 172, 33, 159, 251, 138, 225, 225, 16, 251),
(264, 3, '15:30:00', 33, 151, 151, 245, 33, 225, 235, 151, 179, 124, 138, 172, 138, 151, 16, 16, 16, 16, 124, 179, 245, 16, 151, 16, 33, 245, 172, 61, 245, 61, 61),
(265, 3, '15:40:00', 225, 251, 245, 235, 225, 124, 225, 159, 151, 138, 16, 33, 151, 138, 245, 138, 151, 225, 179, 16, 179, 225, 251, 61, 159, 245, 33, 63, 33, 179, 251),
(266, 3, '15:50:00', 16, 63, 61, 16, 33, 235, 124, 251, 151, 61, 33, 138, 159, 61, 235, 138, 245, 33, 138, 251, 159, 172, 251, 151, 251, 245, 159, 61, 61, 63, 61),
(267, 3, '16:00:00', 138, 63, 16, 159, 124, 151, 235, 151, 159, 61, 61, 172, 138, 124, 151, 33, 245, 235, 151, 225, 179, 16, 151, 179, 172, 33, 179, 159, 245, 172, 16),
(268, 3, '16:10:00', 179, 151, 61, 172, 61, 245, 159, 61, 245, 63, 179, 225, 33, 251, 225, 235, 251, 33, 235, 138, 33, 179, 61, 159, 16, 159, 245, 124, 61, 138, 172),
(269, 3, '16:20:00', 172, 124, 159, 61, 179, 16, 63, 124, 151, 151, 172, 172, 159, 151, 61, 33, 172, 63, 225, 16, 138, 172, 172, 16, 245, 63, 225, 235, 33, 61, 61),
(270, 3, '16:30:00', 124, 179, 235, 151, 159, 159, 235, 172, 63, 16, 251, 33, 33, 138, 172, 151, 124, 33, 124, 225, 138, 179, 33, 245, 63, 124, 251, 251, 138, 235, 172),
(271, 3, '16:40:00', 138, 172, 172, 61, 151, 124, 172, 159, 138, 245, 61, 251, 138, 179, 63, 16, 16, 251, 225, 179, 124, 159, 179, 235, 179, 251, 245, 225, 33, 251, 16),
(272, 3, '16:50:00', 61, 159, 179, 179, 151, 225, 61, 245, 225, 61, 251, 225, 251, 225, 172, 33, 245, 225, 251, 172, 138, 124, 16, 63, 151, 235, 124, 172, 251, 235, 151),
(273, 3, '17:00:00', 245, 235, 124, 151, 61, 33, 235, 235, 33, 138, 159, 159, 151, 61, 151, 159, 124, 159, 138, 151, 63, 159, 16, 63, 63, 151, 138, 16, 151, 179, 33),
(274, 3, '17:10:00', 245, 225, 159, 159, 235, 172, 179, 61, 61, 245, 61, 124, 138, 33, 61, 151, 172, 172, 63, 138, 151, 33, 63, 138, 61, 172, 151, 245, 63, 61, 159),
(275, 3, '17:20:00', 151, 179, 151, 33, 179, 61, 124, 138, 151, 61, 251, 251, 245, 235, 63, 33, 124, 16, 138, 159, 138, 33, 225, 16, 172, 138, 172, 61, 61, 124, 172),
(276, 3, '17:30:00', 124, 151, 16, 138, 124, 33, 33, 172, 172, 151, 124, 124, 63, 235, 63, 33, 235, 61, 16, 172, 124, 63, 235, 124, 138, 151, 225, 159, 124, 33, 138),
(277, 3, '17:40:00', 63, 33, 33, 179, 138, 16, 16, 124, 172, 179, 151, 138, 33, 251, 235, 63, 225, 138, 33, 63, 61, 124, 16, 151, 225, 245, 63, 16, 235, 245, 159),
(278, 3, '17:50:00', 61, 225, 245, 159, 61, 235, 61, 16, 61, 159, 138, 16, 16, 124, 124, 245, 245, 124, 33, 33, 159, 179, 251, 245, 245, 63, 251, 151, 33, 172, 138),
(279, 3, '18:00:00', 172, 151, 33, 225, 63, 61, 172, 16, 16, 172, 251, 61, 251, 159, 251, 225, 33, 251, 172, 138, 16, 33, 16, 124, 138, 225, 225, 245, 151, 33, 159),
(280, 3, '18:10:00', 124, 33, 235, 225, 63, 63, 151, 159, 151, 245, 16, 16, 245, 138, 179, 61, 179, 179, 159, 16, 138, 179, 251, 63, 151, 151, 245, 63, 245, 124, 159),
(281, 3, '18:20:00', 245, 61, 179, 235, 16, 179, 251, 235, 172, 124, 245, 245, 235, 124, 61, 251, 251, 245, 225, 251, 63, 61, 61, 138, 159, 151, 124, 33, 138, 16, 159),
(282, 3, '18:30:00', 172, 245, 33, 61, 225, 159, 63, 251, 235, 159, 235, 245, 16, 124, 251, 124, 138, 16, 63, 151, 251, 33, 159, 172, 138, 33, 235, 251, 179, 33, 61),
(283, 3, '18:40:00', 245, 151, 225, 159, 245, 151, 16, 179, 251, 172, 235, 138, 16, 33, 124, 61, 159, 151, 172, 61, 61, 245, 179, 172, 172, 179, 225, 251, 151, 245, 179),
(284, 3, '18:50:00', 225, 179, 235, 16, 61, 251, 33, 63, 251, 225, 138, 61, 225, 159, 124, 151, 124, 16, 124, 16, 235, 179, 245, 225, 33, 63, 151, 124, 124, 138, 151),
(285, 3, '19:00:00', 245, 151, 245, 159, 172, 33, 179, 16, 251, 151, 63, 61, 61, 16, 172, 124, 63, 124, 172, 138, 16, 225, 172, 33, 245, 245, 225, 61, 251, 138, 63),
(286, 3, '19:10:00', 124, 138, 245, 124, 33, 124, 245, 159, 159, 63, 33, 225, 124, 172, 16, 159, 235, 179, 138, 63, 179, 235, 159, 63, 245, 235, 61, 245, 172, 235, 245),
(287, 3, '19:20:00', 235, 33, 225, 245, 33, 16, 159, 225, 159, 172, 245, 63, 63, 33, 179, 124, 138, 172, 179, 172, 235, 251, 151, 245, 16, 61, 251, 16, 179, 172, 151),
(288, 3, '19:30:00', 16, 172, 235, 138, 138, 16, 124, 124, 245, 33, 16, 63, 235, 225, 138, 33, 16, 159, 251, 61, 63, 16, 138, 16, 33, 179, 33, 179, 245, 251, 159),
(289, 3, '19:40:00', 138, 63, 225, 245, 151, 172, 16, 225, 159, 124, 225, 245, 235, 179, 33, 179, 138, 124, 124, 235, 63, 61, 225, 245, 225, 235, 225, 172, 251, 159, 16),
(290, 3, '19:50:00', 124, 251, 33, 151, 16, 245, 61, 159, 225, 124, 172, 245, 172, 245, 235, 225, 225, 16, 124, 251, 159, 179, 179, 33, 225, 63, 251, 151, 124, 179, 16),
(291, 3, '20:00:00', 61, 138, 138, 33, 63, 235, 61, 179, 61, 251, 235, 159, 179, 225, 33, 235, 124, 251, 151, 179, 124, 33, 179, 159, 235, 61, 63, 235, 124, 251, 251),
(292, 3, '20:10:00', 179, 245, 245, 33, 151, 225, 16, 225, 16, 179, 235, 33, 16, 63, 61, 33, 151, 16, 151, 251, 151, 225, 179, 138, 16, 138, 33, 235, 251, 63, 179),
(293, 3, '20:20:00', 225, 179, 251, 33, 63, 179, 61, 172, 151, 33, 61, 172, 138, 61, 16, 138, 138, 179, 124, 225, 33, 235, 172, 124, 124, 138, 33, 225, 124, 33, 33),
(294, 3, '20:30:00', 245, 61, 61, 138, 63, 16, 245, 124, 61, 63, 225, 138, 235, 172, 225, 235, 159, 172, 33, 63, 245, 16, 172, 33, 63, 159, 225, 63, 159, 151, 61),
(295, 3, '20:40:00', 159, 63, 159, 151, 245, 124, 33, 61, 225, 235, 245, 159, 124, 172, 251, 172, 124, 61, 245, 138, 61, 33, 245, 151, 151, 33, 16, 33, 159, 172, 61),
(296, 3, '20:50:00', 159, 151, 63, 16, 138, 159, 63, 16, 225, 172, 138, 235, 16, 179, 16, 251, 61, 251, 159, 138, 63, 61, 151, 63, 245, 138, 235, 138, 245, 179, 159),
(297, 3, '21:10:00', 16, 16, 61, 16, 235, 63, 63, 61, 124, 159, 225, 179, 33, 33, 179, 151, 235, 124, 124, 179, 138, 251, 33, 235, 33, 179, 138, 124, 61, 63, 151),
(298, 3, '21:10:00', 245, 159, 159, 61, 225, 172, 225, 61, 124, 63, 63, 225, 235, 151, 235, 245, 61, 251, 159, 124, 179, 61, 251, 225, 245, 172, 179, 235, 63, 251, 235),
(299, 3, '21:20:00', 179, 225, 159, 172, 251, 172, 138, 33, 138, 63, 138, 179, 33, 33, 63, 124, 225, 225, 151, 151, 124, 159, 245, 251, 235, 159, 251, 63, 251, 245, 225),
(300, 3, '21:30:00', 33, 225, 179, 235, 225, 245, 172, 151, 235, 151, 172, 63, 179, 124, 33, 225, 16, 33, 179, 225, 124, 151, 138, 225, 245, 225, 151, 63, 159, 33, 235),
(301, 4, '05:00:00', 151, 61, 172, 251, 172, 63, 138, 63, 61, 235, 16, 172, 151, 251, 225, 225, 124, 245, 16, 235, 172, 235, 124, 225, 245, 172, 33, 225, 235, 124, 33),
(302, 4, '05:10:00', 245, 179, 251, 33, 138, 33, 124, 235, 225, 124, 245, 179, 251, 245, 235, 179, 179, 138, 225, 159, 179, 235, 251, 159, 138, 235, 63, 245, 61, 159, 245),
(303, 4, '05:20:00', 138, 235, 251, 61, 235, 33, 138, 138, 138, 63, 33, 138, 61, 138, 245, 251, 172, 138, 151, 235, 159, 225, 235, 63, 16, 159, 61, 138, 245, 151, 179),
(304, 4, '05:30:00', 225, 33, 235, 151, 245, 16, 33, 159, 251, 179, 172, 172, 138, 251, 172, 16, 179, 151, 179, 151, 138, 179, 33, 151, 172, 33, 63, 172, 151, 179, 235),
(305, 4, '05:40:00', 251, 179, 172, 225, 151, 251, 151, 172, 245, 16, 151, 16, 179, 235, 225, 33, 138, 151, 251, 172, 138, 172, 179, 33, 245, 61, 225, 172, 172, 179, 151),
(306, 4, '05:50:00', 151, 235, 16, 159, 151, 172, 159, 151, 225, 245, 225, 63, 245, 159, 61, 61, 172, 172, 235, 179, 179, 63, 138, 61, 124, 179, 63, 138, 33, 159, 159),
(307, 4, '06:00:00', 235, 151, 172, 16, 63, 172, 61, 16, 172, 138, 235, 235, 124, 179, 159, 251, 151, 63, 124, 235, 124, 16, 225, 63, 151, 61, 138, 124, 235, 179, 159),
(308, 4, '06:10:00', 235, 235, 151, 151, 172, 16, 251, 251, 61, 151, 63, 172, 16, 33, 33, 235, 124, 151, 16, 172, 16, 179, 61, 159, 179, 151, 63, 251, 245, 159, 63),
(309, 4, '06:20:00', 33, 16, 235, 16, 33, 179, 172, 172, 124, 63, 172, 61, 151, 159, 225, 151, 61, 179, 61, 172, 16, 63, 235, 235, 225, 159, 245, 159, 245, 245, 172),
(310, 4, '06:30:00', 172, 159, 245, 33, 245, 138, 138, 245, 159, 251, 61, 124, 159, 251, 235, 172, 172, 179, 61, 138, 179, 124, 172, 63, 225, 138, 138, 138, 225, 151, 179),
(311, 4, '06:40:00', 251, 179, 172, 63, 225, 245, 179, 172, 151, 151, 172, 16, 172, 33, 63, 159, 225, 172, 61, 172, 225, 225, 172, 235, 245, 151, 33, 138, 63, 235, 159),
(312, 4, '06:50:00', 179, 235, 235, 63, 124, 251, 172, 33, 151, 124, 33, 159, 159, 151, 225, 124, 16, 16, 172, 159, 33, 63, 124, 235, 63, 61, 172, 16, 33, 172, 225),
(313, 4, '07:00:00', 251, 151, 245, 159, 225, 159, 33, 179, 33, 235, 151, 179, 151, 245, 61, 251, 61, 225, 251, 251, 159, 151, 151, 179, 61, 179, 16, 138, 151, 225, 124),
(314, 4, '07:10:00', 124, 225, 151, 225, 63, 235, 225, 251, 16, 151, 179, 245, 251, 33, 151, 179, 61, 61, 61, 225, 235, 179, 33, 251, 235, 16, 179, 179, 151, 172, 63),
(315, 4, '07:20:00', 225, 138, 63, 138, 225, 159, 16, 179, 61, 251, 33, 179, 225, 16, 179, 33, 151, 33, 138, 179, 63, 245, 245, 151, 124, 225, 16, 63, 172, 138, 235),
(316, 4, '07:30:00', 179, 235, 61, 225, 124, 151, 16, 151, 124, 179, 151, 159, 225, 172, 225, 235, 235, 33, 172, 159, 16, 159, 251, 63, 225, 159, 61, 124, 124, 159, 235),
(317, 4, '07:40:00', 33, 33, 251, 61, 16, 225, 138, 251, 172, 235, 61, 225, 138, 138, 16, 138, 159, 159, 33, 124, 159, 159, 61, 225, 151, 16, 33, 235, 245, 159, 16),
(318, 4, '07:50:00', 33, 172, 251, 159, 159, 33, 151, 172, 151, 151, 245, 179, 124, 63, 61, 151, 245, 33, 179, 124, 235, 151, 225, 151, 179, 138, 179, 159, 179, 63, 33),
(319, 4, '08:00:00', 151, 245, 61, 16, 61, 245, 16, 235, 159, 63, 16, 151, 63, 245, 61, 61, 179, 245, 151, 245, 124, 235, 251, 159, 159, 225, 245, 179, 235, 251, 235),
(320, 4, '08:10:00', 251, 159, 151, 172, 61, 16, 179, 151, 124, 235, 179, 159, 251, 61, 61, 179, 33, 61, 124, 159, 251, 225, 151, 251, 172, 172, 61, 63, 235, 225, 33),
(321, 4, '08:20:00', 61, 225, 235, 33, 33, 251, 251, 63, 245, 245, 245, 63, 172, 61, 124, 61, 235, 245, 225, 235, 16, 63, 151, 251, 251, 138, 179, 151, 151, 225, 235),
(322, 4, '08:30:00', 245, 33, 124, 179, 138, 235, 124, 245, 251, 63, 235, 179, 159, 179, 138, 63, 63, 16, 159, 63, 33, 235, 251, 251, 235, 61, 138, 16, 251, 235, 172);
INSERT INTO `detalle_rodamiento` (`id_detalle_rodamiento`, `id_rodamiento`, `horario`, `dia1`, `dia2`, `dia3`, `dia4`, `dia5`, `dia6`, `dia7`, `dia8`, `dia9`, `dia10`, `dia11`, `dia12`, `dia13`, `dia14`, `dia15`, `dia16`, `dia17`, `dia18`, `dia19`, `dia20`, `dia21`, `dia22`, `dia23`, `dia24`, `dia25`, `dia26`, `dia27`, `dia28`, `dia29`, `dia30`, `dia31`) VALUES
(323, 4, '08:40:00', 151, 225, 172, 251, 172, 235, 61, 138, 179, 33, 245, 235, 179, 172, 33, 63, 61, 61, 16, 225, 245, 63, 235, 245, 16, 251, 124, 245, 245, 251, 33),
(324, 4, '08:50:00', 138, 235, 61, 159, 179, 225, 235, 225, 124, 225, 138, 138, 172, 225, 16, 225, 33, 61, 172, 63, 61, 63, 245, 151, 151, 245, 33, 63, 172, 16, 16),
(325, 4, '09:00:00', 61, 172, 61, 225, 138, 16, 235, 179, 33, 63, 138, 151, 251, 138, 179, 172, 251, 33, 63, 61, 33, 172, 179, 251, 63, 63, 159, 159, 225, 225, 63),
(326, 4, '09:10:00', 235, 235, 235, 63, 172, 179, 33, 179, 245, 16, 251, 179, 225, 63, 138, 63, 16, 235, 16, 159, 235, 235, 245, 63, 33, 138, 151, 33, 16, 159, 235),
(327, 4, '09:20:00', 245, 138, 16, 179, 179, 251, 16, 225, 251, 245, 33, 124, 33, 172, 138, 138, 138, 16, 225, 124, 179, 124, 245, 245, 33, 225, 225, 61, 245, 159, 138),
(328, 4, '09:30:00', 63, 251, 251, 235, 251, 235, 151, 251, 172, 172, 225, 179, 151, 33, 124, 61, 245, 159, 16, 235, 172, 245, 33, 251, 33, 159, 61, 124, 61, 159, 251),
(329, 4, '09:40:00', 151, 124, 225, 16, 151, 63, 251, 225, 235, 235, 225, 179, 33, 33, 159, 245, 179, 225, 172, 61, 245, 245, 225, 138, 251, 16, 63, 138, 235, 61, 159),
(330, 4, '09:50:00', 159, 225, 235, 61, 124, 235, 138, 225, 124, 159, 124, 179, 63, 61, 251, 124, 225, 33, 235, 124, 138, 16, 63, 251, 63, 235, 245, 179, 138, 235, 235),
(331, 4, '10:00:00', 151, 124, 159, 245, 159, 16, 179, 245, 225, 251, 16, 245, 61, 245, 63, 63, 33, 124, 245, 225, 124, 245, 138, 124, 151, 235, 179, 225, 16, 159, 225),
(332, 4, '10:10:00', 225, 172, 159, 151, 225, 151, 235, 245, 179, 33, 138, 172, 179, 63, 251, 124, 151, 245, 138, 124, 124, 33, 61, 159, 16, 251, 172, 33, 159, 33, 225),
(333, 4, '10:20:00', 63, 235, 151, 124, 124, 159, 225, 16, 179, 245, 33, 225, 16, 251, 159, 16, 124, 151, 33, 138, 235, 235, 172, 63, 151, 151, 179, 33, 61, 151, 172),
(334, 4, '10:30:00', 251, 16, 251, 61, 16, 159, 159, 251, 159, 225, 179, 151, 251, 63, 172, 179, 63, 61, 124, 16, 63, 245, 63, 159, 16, 159, 235, 138, 179, 159, 16),
(335, 4, '10:40:00', 138, 225, 63, 172, 61, 235, 159, 235, 124, 225, 61, 124, 225, 245, 225, 179, 61, 16, 124, 151, 61, 151, 138, 151, 172, 16, 179, 251, 63, 159, 138),
(336, 4, '10:50:00', 251, 33, 235, 151, 251, 124, 151, 225, 172, 63, 245, 138, 16, 159, 33, 63, 251, 172, 151, 16, 235, 251, 235, 138, 245, 245, 124, 138, 159, 61, 138),
(337, 4, '11:00:00', 245, 235, 172, 124, 33, 61, 124, 225, 159, 124, 251, 33, 235, 245, 245, 235, 172, 225, 251, 251, 16, 63, 16, 245, 63, 179, 225, 172, 61, 124, 235),
(338, 4, '11:10:00', 138, 251, 245, 16, 172, 159, 151, 138, 124, 172, 172, 245, 159, 33, 16, 225, 138, 16, 61, 159, 138, 124, 151, 172, 124, 124, 179, 16, 159, 251, 61),
(339, 4, '11:20:00', 235, 245, 63, 33, 245, 245, 235, 179, 16, 61, 245, 245, 124, 235, 151, 172, 251, 251, 225, 63, 179, 61, 33, 235, 251, 172, 61, 235, 235, 63, 245),
(340, 4, '11:30:00', 16, 124, 61, 251, 179, 16, 172, 225, 16, 63, 61, 124, 235, 159, 159, 172, 124, 179, 245, 225, 251, 33, 251, 159, 225, 225, 61, 179, 225, 172, 179),
(341, 4, '11:40:00', 33, 124, 61, 138, 61, 124, 138, 172, 16, 16, 33, 251, 245, 235, 151, 61, 61, 159, 33, 245, 235, 172, 159, 251, 138, 63, 235, 235, 33, 138, 251),
(342, 4, '11:50:00', 159, 16, 33, 33, 63, 151, 124, 179, 16, 124, 245, 235, 225, 124, 151, 225, 151, 151, 172, 151, 61, 124, 225, 16, 138, 63, 172, 33, 16, 16, 124),
(343, 4, '12:00:00', 151, 124, 138, 151, 225, 179, 124, 179, 159, 159, 63, 63, 225, 235, 33, 251, 179, 225, 124, 179, 63, 225, 225, 63, 124, 151, 245, 179, 225, 225, 63),
(344, 4, '12:10:00', 159, 172, 245, 63, 235, 245, 172, 251, 124, 159, 225, 16, 235, 124, 245, 33, 33, 63, 151, 245, 16, 16, 63, 235, 251, 124, 172, 33, 172, 63, 159),
(345, 4, '12:20:00', 179, 33, 172, 172, 33, 225, 63, 63, 33, 251, 179, 245, 33, 235, 245, 172, 124, 251, 33, 159, 225, 138, 124, 138, 172, 251, 16, 151, 16, 179, 251),
(346, 4, '12:30:00', 245, 179, 159, 225, 179, 124, 245, 16, 159, 16, 138, 245, 138, 33, 63, 172, 61, 124, 235, 172, 151, 225, 245, 16, 151, 151, 179, 225, 61, 225, 124),
(347, 4, '12:40:00', 245, 33, 63, 124, 61, 16, 138, 225, 245, 151, 225, 16, 16, 225, 16, 61, 235, 235, 63, 138, 225, 251, 16, 124, 245, 179, 124, 61, 251, 151, 172),
(348, 4, '12:50:00', 33, 159, 245, 225, 151, 124, 63, 235, 179, 124, 251, 159, 16, 16, 16, 138, 16, 159, 151, 63, 63, 159, 172, 124, 63, 159, 159, 138, 235, 251, 33),
(349, 4, '13:00:00', 159, 179, 235, 61, 225, 63, 61, 63, 251, 159, 61, 225, 159, 159, 245, 235, 138, 225, 138, 124, 172, 172, 33, 172, 151, 61, 251, 33, 225, 159, 172),
(350, 4, '13:10:00', 63, 235, 251, 235, 63, 179, 235, 61, 179, 179, 63, 63, 138, 172, 172, 251, 159, 63, 151, 151, 159, 251, 138, 159, 16, 179, 225, 33, 151, 138, 151),
(351, 4, '13:20:00', 235, 33, 61, 124, 179, 61, 16, 151, 172, 159, 251, 179, 61, 172, 138, 61, 172, 179, 151, 159, 16, 33, 172, 225, 172, 63, 235, 16, 33, 138, 151),
(352, 4, '13:30:00', 61, 245, 151, 172, 235, 251, 33, 16, 138, 151, 33, 245, 16, 63, 172, 138, 124, 172, 61, 251, 63, 235, 235, 159, 225, 172, 61, 138, 16, 225, 179),
(353, 4, '13:40:00', 138, 16, 124, 245, 225, 63, 172, 179, 172, 63, 172, 124, 151, 225, 179, 172, 235, 179, 33, 33, 225, 159, 61, 61, 151, 138, 151, 235, 33, 245, 33),
(354, 4, '13:50:00', 179, 63, 235, 16, 124, 225, 159, 245, 159, 33, 33, 124, 225, 179, 124, 63, 33, 159, 61, 251, 63, 138, 179, 179, 61, 251, 251, 138, 245, 63, 16),
(355, 4, '14:00:00', 61, 61, 16, 124, 179, 151, 172, 225, 225, 179, 61, 63, 16, 159, 159, 16, 251, 33, 151, 172, 16, 151, 172, 151, 61, 63, 245, 61, 138, 251, 251),
(356, 4, '14:10:00', 235, 225, 172, 172, 225, 63, 33, 33, 16, 63, 63, 63, 235, 172, 124, 124, 251, 179, 16, 124, 179, 124, 33, 251, 235, 61, 61, 172, 16, 172, 179),
(357, 4, '14:20:00', 179, 251, 33, 16, 63, 251, 151, 151, 33, 251, 172, 16, 159, 33, 33, 16, 225, 159, 245, 179, 159, 245, 225, 16, 235, 33, 33, 151, 179, 63, 138),
(358, 4, '14:30:00', 16, 251, 16, 159, 235, 251, 151, 179, 172, 179, 33, 63, 61, 151, 245, 138, 124, 63, 225, 172, 63, 225, 172, 61, 159, 179, 124, 235, 16, 138, 251),
(359, 4, '14:40:00', 225, 225, 33, 172, 179, 151, 33, 172, 61, 124, 225, 63, 61, 16, 16, 225, 138, 16, 124, 225, 63, 33, 63, 33, 151, 245, 61, 235, 159, 172, 245),
(360, 4, '14:50:00', 172, 33, 179, 124, 16, 159, 33, 138, 61, 16, 179, 225, 179, 245, 124, 235, 61, 124, 245, 16, 151, 138, 251, 33, 138, 235, 33, 63, 33, 225, 235),
(361, 4, '15:00:00', 245, 63, 172, 16, 151, 172, 124, 151, 172, 33, 235, 235, 138, 151, 235, 179, 138, 124, 251, 151, 61, 251, 61, 33, 61, 151, 225, 179, 172, 225, 124),
(362, 4, '15:10:00', 179, 179, 235, 151, 245, 138, 179, 61, 251, 16, 179, 138, 179, 159, 124, 159, 61, 151, 124, 235, 16, 124, 251, 245, 61, 16, 159, 151, 151, 159, 251),
(363, 4, '15:20:00', 138, 159, 33, 138, 124, 225, 63, 33, 61, 179, 61, 61, 61, 235, 138, 61, 245, 172, 235, 33, 138, 225, 172, 225, 33, 63, 172, 159, 179, 138, 251),
(364, 4, '15:30:00', 251, 61, 245, 61, 172, 151, 63, 151, 235, 235, 61, 151, 61, 33, 61, 151, 151, 159, 179, 172, 172, 159, 138, 179, 225, 245, 179, 33, 124, 124, 179),
(365, 4, '15:40:00', 138, 138, 251, 179, 138, 159, 138, 124, 124, 179, 63, 124, 138, 124, 251, 172, 235, 159, 172, 33, 61, 225, 61, 172, 159, 16, 124, 251, 16, 151, 151),
(366, 4, '15:50:00', 179, 172, 138, 179, 245, 63, 124, 172, 225, 251, 245, 63, 16, 33, 63, 235, 138, 16, 61, 251, 251, 33, 225, 179, 138, 245, 33, 245, 251, 138, 245),
(367, 4, '16:00:00', 172, 179, 151, 138, 61, 235, 172, 138, 245, 245, 16, 61, 124, 251, 61, 235, 245, 151, 159, 159, 225, 159, 251, 245, 179, 63, 245, 172, 179, 225, 16),
(368, 4, '16:10:00', 61, 159, 235, 16, 63, 151, 245, 179, 63, 225, 16, 251, 159, 225, 251, 61, 61, 124, 16, 235, 16, 63, 63, 245, 124, 172, 225, 61, 33, 138, 225),
(369, 4, '16:20:00', 225, 159, 225, 172, 63, 245, 33, 151, 159, 159, 172, 16, 251, 16, 179, 235, 138, 33, 151, 33, 251, 179, 16, 138, 251, 16, 225, 33, 245, 251, 245),
(370, 4, '16:30:00', 245, 16, 251, 179, 33, 151, 245, 138, 159, 225, 16, 124, 63, 16, 159, 63, 151, 16, 63, 61, 138, 159, 138, 251, 172, 124, 124, 225, 63, 235, 225),
(371, 4, '16:40:00', 159, 138, 124, 179, 61, 61, 172, 245, 172, 151, 138, 245, 159, 159, 63, 151, 33, 124, 172, 245, 251, 172, 245, 251, 63, 245, 159, 124, 151, 61, 124),
(372, 4, '16:50:00', 235, 61, 138, 225, 61, 251, 16, 245, 124, 251, 124, 33, 138, 251, 225, 235, 151, 172, 245, 172, 151, 61, 151, 159, 33, 159, 16, 63, 245, 151, 179),
(373, 4, '17:00:00', 235, 235, 251, 251, 235, 245, 179, 251, 138, 151, 138, 16, 33, 151, 179, 245, 138, 151, 138, 61, 179, 251, 251, 172, 151, 33, 61, 151, 225, 251, 124),
(374, 4, '17:10:00', 179, 63, 138, 124, 251, 251, 172, 16, 251, 159, 172, 151, 124, 179, 225, 225, 33, 225, 16, 179, 245, 61, 124, 245, 225, 138, 235, 235, 251, 124, 179),
(375, 4, '17:20:00', 138, 63, 179, 245, 159, 151, 179, 251, 151, 33, 225, 245, 151, 63, 245, 138, 172, 179, 33, 61, 151, 179, 63, 124, 16, 235, 61, 251, 172, 16, 63),
(376, 4, '17:30:00', 16, 251, 16, 33, 245, 225, 245, 16, 251, 225, 225, 225, 138, 16, 33, 63, 179, 61, 159, 61, 245, 16, 251, 159, 61, 235, 124, 251, 245, 245, 179),
(377, 4, '17:40:00', 245, 124, 159, 172, 172, 225, 172, 124, 61, 235, 225, 245, 245, 235, 159, 138, 172, 245, 251, 245, 159, 16, 251, 159, 61, 61, 179, 235, 159, 33, 235),
(378, 4, '17:50:00', 159, 33, 33, 245, 251, 124, 159, 172, 251, 16, 172, 124, 61, 33, 172, 159, 124, 63, 151, 124, 245, 172, 172, 172, 138, 179, 225, 251, 225, 159, 251),
(379, 4, '18:00:00', 172, 151, 61, 251, 235, 251, 225, 179, 179, 138, 63, 179, 245, 16, 124, 172, 63, 159, 251, 235, 151, 179, 138, 172, 225, 245, 124, 16, 63, 33, 16),
(380, 4, '18:10:00', 235, 245, 151, 16, 151, 225, 124, 225, 138, 63, 16, 235, 172, 159, 63, 172, 124, 63, 16, 124, 33, 33, 179, 159, 33, 245, 159, 179, 124, 151, 179),
(381, 4, '18:20:00', 151, 245, 172, 245, 235, 159, 138, 159, 235, 225, 138, 33, 151, 251, 245, 151, 138, 151, 61, 251, 138, 235, 63, 179, 63, 179, 16, 235, 138, 63, 63),
(382, 4, '18:30:00', 61, 151, 251, 16, 235, 172, 179, 159, 179, 225, 138, 172, 151, 138, 172, 245, 138, 225, 124, 16, 124, 159, 179, 225, 159, 235, 63, 138, 61, 16, 235),
(383, 4, '18:40:00', 16, 16, 172, 124, 159, 245, 16, 251, 33, 138, 16, 124, 225, 225, 124, 159, 138, 151, 251, 16, 251, 235, 151, 235, 33, 16, 33, 63, 159, 172, 159),
(384, 4, '18:50:00', 235, 179, 33, 124, 63, 251, 61, 159, 159, 151, 172, 159, 251, 251, 16, 225, 179, 245, 151, 63, 159, 172, 245, 138, 61, 179, 172, 245, 179, 61, 251),
(385, 4, '19:00:00', 63, 124, 16, 63, 225, 245, 61, 138, 235, 138, 159, 61, 225, 225, 225, 16, 245, 245, 251, 245, 172, 235, 151, 225, 33, 225, 179, 235, 225, 251, 159),
(386, 4, '19:10:00', 179, 16, 33, 251, 16, 245, 245, 172, 61, 245, 124, 172, 124, 63, 225, 61, 172, 251, 151, 159, 159, 33, 225, 61, 63, 245, 124, 151, 138, 124, 235),
(387, 4, '19:20:00', 33, 179, 235, 61, 138, 138, 225, 138, 33, 124, 235, 138, 251, 124, 61, 159, 251, 61, 235, 172, 33, 138, 179, 251, 245, 172, 151, 251, 225, 172, 159),
(388, 4, '19:30:00', 225, 235, 251, 63, 251, 61, 16, 63, 33, 251, 251, 61, 172, 245, 124, 159, 225, 235, 179, 151, 251, 245, 179, 245, 151, 179, 159, 138, 138, 159, 33),
(389, 4, '19:40:00', 235, 179, 179, 61, 138, 138, 61, 179, 63, 151, 172, 33, 179, 179, 159, 235, 245, 124, 33, 151, 235, 138, 245, 61, 235, 225, 235, 63, 251, 16, 235),
(390, 4, '19:50:00', 159, 151, 179, 159, 138, 172, 245, 245, 251, 225, 172, 138, 61, 63, 225, 245, 16, 225, 138, 63, 16, 63, 138, 159, 61, 124, 179, 251, 172, 179, 138),
(391, 4, '20:00:00', 151, 16, 138, 225, 179, 138, 172, 159, 251, 61, 235, 33, 63, 61, 172, 235, 172, 251, 179, 235, 16, 61, 159, 124, 245, 16, 159, 138, 159, 235, 63),
(392, 4, '20:10:00', 63, 172, 235, 124, 33, 138, 138, 235, 16, 138, 138, 124, 124, 245, 16, 235, 61, 124, 151, 151, 61, 172, 159, 63, 172, 151, 179, 179, 159, 63, 124),
(393, 4, '20:20:00', 251, 33, 159, 225, 235, 151, 251, 61, 138, 235, 251, 235, 151, 245, 172, 33, 16, 251, 172, 225, 179, 138, 61, 179, 33, 16, 225, 33, 245, 138, 61),
(394, 4, '20:30:00', 179, 16, 179, 245, 245, 63, 151, 172, 16, 245, 124, 151, 61, 225, 63, 138, 245, 245, 245, 16, 63, 251, 172, 151, 124, 16, 63, 138, 172, 245, 63),
(395, 4, '20:40:00', 251, 172, 235, 159, 61, 151, 61, 251, 138, 159, 33, 16, 124, 63, 251, 159, 16, 138, 225, 245, 235, 124, 61, 172, 159, 245, 225, 138, 245, 61, 179),
(396, 4, '20:50:00', 151, 124, 225, 33, 251, 251, 63, 251, 179, 61, 33, 16, 235, 179, 179, 172, 159, 138, 124, 138, 33, 235, 16, 159, 151, 61, 172, 179, 124, 138, 151),
(397, 4, '21:10:00', 16, 61, 251, 63, 138, 225, 235, 16, 225, 172, 159, 151, 61, 245, 61, 63, 172, 235, 151, 61, 159, 124, 235, 16, 124, 159, 172, 225, 33, 172, 138),
(398, 4, '21:10:00', 235, 251, 33, 245, 16, 151, 151, 63, 16, 151, 124, 61, 251, 225, 235, 245, 33, 251, 225, 33, 63, 245, 63, 61, 33, 225, 172, 138, 63, 16, 172),
(399, 4, '21:20:00', 63, 63, 235, 251, 138, 245, 16, 16, 63, 245, 61, 124, 16, 16, 251, 159, 151, 245, 225, 124, 225, 63, 16, 179, 172, 61, 33, 16, 235, 124, 151),
(400, 4, '21:30:00', 159, 16, 138, 16, 16, 159, 151, 33, 245, 159, 151, 225, 16, 245, 235, 159, 33, 245, 245, 159, 225, 235, 138, 138, 151, 235, 61, 16, 235, 225, 16),
(401, 5, '05:00:00', 16, 63, 225, 179, 138, 251, 245, 159, 172, 16, 151, 235, 16, 172, 138, 251, 251, 172, 124, 16, 151, 245, 172, 172, 61, 225, 124, 159, 251, 235, 16),
(402, 5, '05:30:00', 151, 16, 16, 138, 159, 251, 16, 251, 33, 235, 159, 225, 16, 138, 172, 159, 61, 245, 61, 235, 16, 245, 63, 172, 245, 151, 225, 172, 63, 63, 124),
(403, 5, '06:00:00', 138, 151, 151, 245, 138, 235, 179, 63, 63, 179, 151, 151, 16, 33, 61, 159, 172, 151, 63, 63, 245, 151, 16, 33, 33, 172, 159, 151, 124, 179, 63),
(404, 5, '06:30:00', 16, 16, 151, 16, 235, 251, 159, 159, 138, 245, 33, 16, 159, 179, 159, 151, 124, 61, 138, 33, 138, 172, 124, 61, 61, 235, 124, 245, 172, 159, 235),
(405, 5, '07:00:00', 33, 179, 251, 179, 138, 159, 63, 235, 172, 16, 172, 61, 225, 179, 172, 151, 151, 159, 61, 151, 251, 245, 33, 251, 235, 245, 151, 159, 33, 61, 179),
(406, 5, '07:30:00', 151, 179, 63, 33, 63, 61, 179, 251, 61, 124, 151, 33, 235, 33, 63, 33, 151, 225, 179, 151, 61, 179, 159, 63, 63, 251, 16, 61, 172, 33, 151),
(407, 5, '08:00:00', 124, 61, 245, 159, 61, 151, 225, 251, 225, 138, 245, 33, 179, 151, 63, 124, 251, 251, 61, 61, 225, 61, 235, 138, 63, 33, 138, 33, 16, 159, 61),
(408, 5, '08:30:00', 245, 251, 124, 16, 235, 159, 235, 61, 251, 179, 63, 159, 124, 138, 251, 225, 251, 33, 225, 251, 16, 245, 225, 225, 33, 159, 61, 151, 225, 63, 159),
(409, 5, '09:00:00', 63, 245, 159, 172, 172, 138, 225, 151, 61, 235, 61, 235, 138, 33, 225, 245, 33, 63, 235, 251, 159, 245, 245, 245, 172, 63, 63, 225, 138, 138, 16),
(410, 5, '09:30:00', 235, 138, 124, 138, 33, 172, 235, 16, 179, 16, 172, 179, 16, 61, 245, 16, 16, 235, 151, 63, 172, 63, 235, 151, 124, 225, 172, 225, 61, 16, 124),
(411, 5, '10:00:00', 138, 124, 61, 245, 245, 124, 33, 16, 61, 16, 16, 235, 63, 61, 33, 159, 225, 235, 235, 245, 124, 16, 159, 251, 63, 225, 151, 33, 124, 138, 159),
(412, 5, '10:30:00', 151, 179, 61, 16, 225, 159, 16, 235, 245, 124, 225, 151, 159, 138, 245, 235, 61, 151, 251, 235, 33, 33, 124, 245, 179, 124, 179, 151, 159, 124, 124),
(413, 5, '11:00:00', 33, 151, 63, 235, 235, 138, 159, 63, 61, 251, 63, 172, 124, 33, 61, 124, 179, 138, 63, 16, 172, 251, 179, 138, 245, 63, 225, 151, 151, 235, 172),
(414, 5, '11:30:00', 16, 245, 61, 225, 63, 251, 16, 159, 61, 16, 245, 179, 245, 251, 179, 172, 225, 225, 61, 151, 225, 251, 33, 63, 151, 16, 172, 124, 63, 33, 63),
(415, 5, '12:00:00', 138, 124, 138, 245, 172, 179, 63, 251, 138, 172, 16, 235, 124, 16, 16, 61, 16, 138, 33, 225, 235, 159, 235, 172, 124, 225, 151, 61, 61, 235, 124),
(416, 5, '12:30:00', 179, 235, 138, 138, 138, 225, 61, 172, 138, 124, 33, 61, 225, 245, 172, 16, 159, 33, 225, 245, 172, 124, 159, 33, 151, 179, 235, 63, 124, 179, 235),
(417, 5, '13:00:00', 61, 172, 124, 172, 172, 251, 33, 225, 124, 138, 179, 245, 235, 245, 172, 61, 61, 225, 159, 225, 235, 61, 172, 16, 251, 63, 172, 16, 179, 179, 172),
(418, 5, '13:30:00', 251, 61, 124, 225, 172, 225, 159, 235, 124, 33, 245, 172, 16, 245, 251, 61, 245, 61, 16, 225, 151, 225, 63, 235, 61, 235, 245, 179, 251, 172, 63),
(419, 5, '14:00:00', 179, 251, 225, 151, 16, 159, 245, 138, 235, 172, 225, 179, 151, 33, 159, 172, 172, 61, 245, 16, 172, 124, 151, 16, 151, 151, 16, 124, 245, 151, 16),
(420, 5, '14:30:00', 61, 33, 225, 151, 138, 235, 159, 33, 16, 63, 151, 63, 179, 16, 16, 16, 235, 225, 16, 124, 245, 33, 172, 245, 61, 124, 172, 63, 251, 245, 151),
(421, 5, '15:00:00', 151, 225, 159, 235, 251, 172, 245, 159, 61, 124, 245, 33, 225, 245, 235, 159, 16, 151, 138, 235, 179, 16, 63, 179, 16, 235, 61, 245, 159, 251, 63),
(422, 5, '15:30:00', 245, 245, 138, 245, 138, 179, 159, 61, 16, 179, 159, 16, 124, 235, 159, 225, 151, 63, 124, 179, 235, 245, 245, 138, 225, 33, 138, 16, 235, 63, 138),
(423, 5, '16:00:00', 179, 179, 179, 124, 33, 151, 172, 235, 63, 33, 172, 151, 124, 33, 179, 172, 124, 172, 16, 172, 172, 235, 16, 33, 16, 179, 138, 245, 124, 124, 61),
(424, 5, '16:30:00', 172, 16, 251, 159, 235, 235, 124, 235, 179, 16, 124, 235, 159, 251, 138, 225, 235, 225, 138, 33, 251, 16, 251, 151, 245, 33, 16, 251, 251, 179, 225),
(425, 5, '17:00:00', 151, 245, 179, 151, 124, 63, 63, 33, 179, 245, 159, 151, 235, 172, 251, 179, 33, 235, 33, 138, 251, 179, 138, 159, 172, 124, 124, 172, 225, 151, 63),
(426, 6, '05:00:00', 179, 61, 172, 63, 61, 159, 159, 61, 63, 138, 251, 235, 179, 179, 16, 179, 124, 251, 151, 251, 159, 33, 63, 33, 225, 138, 159, 138, 138, 225, 61),
(427, 6, '05:30:00', 151, 159, 245, 138, 16, 61, 124, 225, 172, 16, 235, 235, 172, 225, 63, 251, 61, 235, 16, 16, 33, 235, 33, 172, 151, 63, 151, 179, 245, 172, 151),
(428, 6, '06:00:00', 179, 235, 61, 251, 151, 63, 151, 225, 225, 61, 33, 159, 63, 179, 61, 179, 61, 251, 61, 251, 61, 245, 245, 159, 16, 138, 16, 235, 172, 235, 138),
(429, 6, '06:30:00', 245, 251, 63, 16, 245, 172, 61, 151, 225, 124, 235, 235, 159, 235, 245, 225, 124, 251, 61, 245, 124, 33, 63, 63, 235, 172, 225, 124, 245, 225, 225),
(430, 6, '07:00:00', 16, 63, 172, 235, 245, 16, 151, 124, 245, 33, 138, 138, 235, 251, 159, 172, 61, 235, 63, 172, 151, 251, 61, 225, 172, 225, 225, 16, 33, 33, 63),
(431, 6, '07:30:00', 138, 61, 159, 151, 172, 33, 33, 16, 63, 225, 179, 138, 251, 245, 159, 172, 16, 151, 235, 16, 172, 138, 251, 251, 172, 124, 16, 151, 245, 172, 172),
(432, 6, '08:00:00', 61, 225, 124, 159, 251, 235, 16, 151, 16, 16, 138, 159, 251, 16, 251, 33, 235, 159, 225, 16, 138, 172, 159, 61, 245, 61, 235, 16, 245, 63, 172),
(433, 6, '08:30:00', 245, 151, 225, 172, 63, 63, 124, 138, 151, 151, 245, 138, 235, 179, 63, 63, 179, 151, 151, 16, 33, 61, 159, 172, 151, 63, 63, 245, 151, 16, 33),
(434, 6, '09:00:00', 33, 172, 159, 151, 124, 179, 63, 16, 16, 151, 16, 235, 251, 159, 159, 138, 245, 33, 16, 159, 179, 159, 151, 124, 61, 138, 33, 138, 172, 124, 61),
(435, 6, '09:30:00', 61, 235, 124, 245, 172, 159, 235, 33, 179, 251, 179, 138, 159, 63, 235, 172, 16, 172, 61, 225, 179, 172, 151, 151, 159, 61, 151, 251, 245, 33, 251),
(436, 6, '10:00:00', 235, 245, 151, 159, 33, 61, 179, 151, 179, 63, 33, 63, 61, 179, 251, 61, 124, 151, 33, 235, 33, 63, 33, 151, 225, 179, 151, 61, 179, 159, 63),
(437, 6, '10:30:00', 63, 251, 16, 61, 172, 33, 151, 124, 61, 245, 159, 61, 151, 225, 251, 225, 138, 245, 33, 179, 151, 63, 124, 251, 251, 61, 61, 225, 61, 235, 138),
(438, 6, '11:00:00', 63, 33, 138, 33, 16, 159, 61, 245, 251, 124, 16, 235, 159, 235, 61, 251, 179, 63, 159, 124, 138, 251, 225, 251, 33, 225, 251, 16, 245, 225, 225),
(439, 6, '11:30:00', 33, 159, 61, 151, 225, 63, 159, 63, 245, 159, 172, 172, 138, 225, 151, 61, 235, 61, 235, 138, 33, 225, 245, 33, 63, 235, 251, 159, 245, 245, 245),
(440, 6, '12:00:00', 172, 63, 63, 225, 138, 138, 16, 235, 138, 124, 138, 33, 172, 235, 16, 179, 16, 172, 179, 16, 61, 245, 16, 16, 235, 151, 63, 172, 63, 235, 151),
(441, 6, '12:30:00', 124, 225, 172, 225, 61, 16, 124, 138, 124, 61, 245, 245, 124, 33, 16, 61, 16, 16, 235, 63, 61, 33, 159, 225, 235, 235, 245, 124, 16, 159, 251),
(442, 6, '13:00:00', 63, 225, 151, 33, 124, 138, 159, 151, 179, 61, 16, 225, 159, 16, 235, 245, 124, 225, 151, 159, 138, 245, 235, 61, 151, 251, 235, 33, 33, 124, 245),
(443, 6, '13:30:00', 179, 124, 179, 151, 159, 124, 124, 33, 151, 63, 235, 235, 138, 159, 63, 61, 251, 63, 172, 124, 33, 61, 124, 179, 138, 63, 16, 172, 251, 179, 138),
(444, 6, '14:00:00', 245, 63, 225, 151, 151, 235, 172, 16, 245, 61, 225, 63, 251, 16, 159, 61, 16, 245, 179, 245, 251, 179, 172, 225, 225, 61, 151, 225, 251, 33, 63),
(445, 6, '14:30:00', 151, 16, 172, 124, 63, 33, 63, 138, 124, 138, 245, 172, 179, 63, 251, 138, 172, 16, 235, 124, 16, 16, 61, 16, 138, 33, 225, 235, 159, 235, 172),
(446, 6, '15:00:00', 124, 225, 151, 61, 61, 235, 124, 179, 235, 138, 138, 138, 225, 61, 172, 138, 124, 33, 61, 225, 245, 172, 16, 159, 33, 225, 245, 172, 124, 159, 33),
(447, 6, '15:30:00', 151, 179, 235, 63, 124, 179, 235, 61, 172, 124, 172, 172, 251, 33, 225, 124, 138, 179, 245, 235, 245, 172, 61, 61, 225, 159, 225, 235, 61, 172, 16),
(448, 6, '16:00:00', 251, 63, 172, 16, 179, 179, 172, 251, 61, 124, 225, 172, 225, 159, 235, 124, 33, 245, 172, 16, 245, 251, 61, 245, 61, 16, 225, 151, 225, 63, 235),
(449, 6, '16:30:00', 61, 235, 245, 179, 251, 172, 63, 179, 251, 225, 151, 16, 159, 245, 138, 235, 172, 225, 179, 151, 33, 159, 172, 172, 61, 245, 16, 172, 124, 151, 16),
(450, 6, '17:00:00', 151, 151, 16, 124, 245, 151, 16, 61, 33, 225, 151, 138, 235, 159, 33, 16, 63, 151, 63, 179, 16, 16, 16, 235, 225, 16, 124, 245, 33, 172, 245),
(451, 7, '05:00:00', 33, 225, 245, 235, 159, 16, 151, 138, 235, 179, 16, 63, 179, 16, 235, 61, 245, 159, 251, 63, 245, 245, 138, 245, 138, 179, 159, 61, 16, 179, 159),
(452, 7, '05:30:00', 16, 124, 235, 159, 225, 151, 63, 124, 179, 235, 245, 245, 138, 225, 33, 138, 16, 235, 63, 138, 179, 179, 179, 124, 33, 151, 172, 235, 63, 33, 172),
(453, 7, '06:00:00', 151, 124, 33, 179, 172, 124, 172, 16, 172, 172, 235, 16, 33, 16, 179, 138, 245, 124, 124, 61, 172, 16, 251, 159, 235, 235, 124, 235, 179, 16, 124),
(454, 7, '06:30:00', 235, 159, 251, 138, 225, 235, 225, 138, 33, 251, 16, 251, 151, 245, 33, 16, 251, 251, 179, 225, 151, 245, 179, 151, 124, 63, 63, 33, 179, 245, 159),
(455, 7, '07:00:00', 151, 235, 172, 251, 179, 33, 235, 33, 138, 251, 179, 138, 159, 172, 124, 124, 172, 225, 151, 63, 159, 159, 225, 251, 138, 159, 172, 16, 138, 138, 179),
(456, 7, '07:30:00', 159, 235, 151, 151, 61, 172, 225, 179, 63, 245, 172, 33, 235, 63, 33, 159, 138, 159, 159, 151, 33, 159, 159, 124, 124, 61, 151, 159, 61, 245, 124),
(457, 7, '08:00:00', 33, 138, 138, 151, 33, 172, 245, 245, 138, 245, 235, 124, 63, 225, 151, 61, 61, 61, 61, 251, 225, 245, 225, 63, 225, 151, 33, 179, 225, 63, 251),
(458, 7, '08:30:00', 159, 245, 63, 61, 245, 16, 16, 61, 151, 172, 138, 151, 225, 172, 179, 151, 33, 172, 159, 251, 245, 33, 245, 179, 33, 151, 63, 124, 172, 159, 172),
(459, 7, '09:00:00', 225, 138, 33, 159, 16, 159, 138, 33, 151, 16, 251, 16, 235, 179, 16, 61, 235, 159, 16, 245, 245, 179, 172, 159, 245, 179, 235, 251, 251, 172, 159),
(460, 7, '09:30:00', 251, 16, 251, 172, 61, 138, 151, 245, 235, 235, 151, 251, 138, 33, 245, 61, 63, 63, 138, 225, 61, 151, 225, 16, 63, 251, 33, 33, 225, 124, 159),
(461, 7, '10:00:00', 33, 235, 138, 16, 225, 235, 124, 235, 235, 124, 124, 179, 159, 16, 172, 179, 235, 138, 138, 138, 63, 138, 245, 251, 235, 245, 63, 138, 225, 172, 151),
(462, 7, '10:30:00', 235, 235, 225, 225, 251, 225, 151, 179, 251, 33, 245, 179, 251, 16, 124, 33, 179, 151, 151, 179, 63, 124, 245, 61, 159, 245, 225, 225, 245, 151, 16),
(463, 7, '11:00:00', 159, 63, 251, 251, 124, 16, 159, 245, 179, 16, 251, 151, 251, 63, 16, 159, 63, 179, 172, 251, 151, 151, 151, 225, 225, 151, 159, 159, 179, 151, 16),
(464, 7, '11:30:00', 172, 245, 245, 16, 33, 124, 225, 225, 124, 251, 124, 63, 172, 172, 124, 225, 159, 225, 151, 63, 124, 179, 124, 225, 61, 172, 225, 33, 179, 33, 179),
(465, 7, '12:00:00', 124, 138, 61, 63, 151, 138, 172, 245, 124, 16, 63, 124, 179, 179, 179, 33, 151, 159, 33, 179, 179, 151, 172, 225, 172, 172, 159, 61, 138, 172, 172),
(466, 7, '12:30:00', 151, 138, 251, 61, 124, 61, 159, 225, 63, 61, 124, 172, 33, 63, 172, 225, 61, 245, 63, 124, 124, 124, 159, 33, 61, 172, 172, 225, 225, 159, 172),
(467, 7, '13:00:00', 63, 33, 251, 61, 172, 151, 151, 179, 33, 124, 151, 245, 63, 235, 138, 138, 138, 151, 16, 61, 235, 124, 251, 33, 225, 172, 61, 63, 138, 172, 179),
(468, 7, '13:30:00', 251, 33, 63, 16, 124, 251, 235, 124, 179, 63, 172, 251, 179, 16, 124, 16, 159, 33, 235, 138, 124, 225, 172, 138, 138, 124, 172, 33, 172, 225, 138),
(469, 7, '14:00:00', 16, 235, 63, 33, 151, 245, 172, 16, 225, 124, 33, 138, 179, 235, 138, 138, 63, 245, 63, 179, 251, 179, 235, 251, 151, 225, 225, 61, 235, 138, 16),
(470, 7, '14:30:00', 179, 245, 16, 151, 251, 124, 159, 124, 159, 251, 245, 245, 235, 16, 16, 61, 159, 225, 159, 151, 225, 159, 63, 138, 235, 138, 245, 225, 251, 225, 138),
(471, 7, '15:00:00', 16, 124, 179, 16, 251, 245, 251, 33, 251, 251, 16, 138, 33, 138, 138, 124, 172, 179, 151, 63, 151, 16, 159, 179, 33, 33, 179, 235, 138, 16, 251),
(472, 7, '15:30:00', 33, 63, 159, 235, 124, 172, 124, 124, 245, 61, 179, 61, 225, 151, 138, 151, 124, 124, 159, 225, 159, 33, 251, 61, 61, 179, 245, 124, 124, 159, 61),
(473, 7, '16:00:00', 16, 138, 159, 251, 138, 245, 179, 179, 225, 245, 159, 179, 245, 16, 235, 33, 124, 159, 245, 138, 151, 63, 138, 225, 172, 124, 33, 16, 33, 124, 159),
(474, 7, '16:30:00', 172, 251, 179, 33, 159, 245, 151, 151, 179, 151, 235, 16, 235, 172, 159, 124, 235, 179, 172, 225, 245, 225, 251, 61, 33, 172, 179, 33, 33, 16, 172),
(475, 7, '17:00:00', 33, 235, 61, 172, 138, 159, 63, 172, 61, 159, 61, 138, 151, 61, 33, 63, 179, 235, 33, 159, 172, 16, 172, 159, 124, 235, 245, 235, 179, 235, 61);

-- --------------------------------------------------------

--
-- Estructura de tabla para la tabla `detalle_rutas`
--

CREATE TABLE `detalle_rutas` (
  `id_detalle_rutas` int(10) NOT NULL,
  `id_rutas` int(10) NOT NULL,
  `horario` time NOT NULL,
  `id_estado` int(10) NOT NULL
) ENGINE=InnoDB DEFAULT CHARSET=utf8mb4 COLLATE=utf8mb4_spanish_ci;

--
-- Volcado de datos para la tabla `detalle_rutas`
--

INSERT INTO `detalle_rutas` (`id_detalle_rutas`, `id_rutas`, `horario`, `id_estado`) VALUES
(1, 1, '05:00:00', 1),
(2, 1, '05:30:00', 1),
(3, 1, '06:00:00', 1),
(4, 1, '06:30:00', 1),
(5, 1, '07:00:00', 1),
(6, 1, '07:30:00', 1),
(7, 1, '08:00:00', 1),
(8, 1, '08:30:00', 1),
(9, 1, '09:00:00', 1),
(10, 1, '09:30:00', 1),
(11, 1, '10:00:00', 1),
(12, 1, '10:30:00', 1),
(13, 1, '11:00:00', 1),
(14, 1, '11:30:00', 1),
(15, 1, '12:00:00', 1),
(16, 1, '12:30:00', 1),
(17, 1, '13:00:00', 1),
(18, 1, '13:30:00', 1),
(19, 1, '14:00:00', 1),
(20, 1, '14:30:00', 1),
(21, 1, '15:00:00', 1),
(22, 1, '15:30:00', 1),
(23, 1, '16:00:00', 1),
(24, 1, '16:30:00', 1),
(25, 1, '17:00:00', 1),
(26, 2, '05:00:00', 1),
(27, 2, '05:30:00', 1),
(28, 2, '06:00:00', 1),
(29, 2, '06:30:00', 1),
(30, 2, '07:00:00', 1),
(31, 2, '07:30:00', 1),
(32, 2, '08:00:00', 1),
(33, 2, '08:30:00', 1),
(34, 2, '09:00:00', 1),
(35, 2, '09:30:00', 1),
(36, 2, '10:00:00', 1),
(37, 2, '10:30:00', 1),
(38, 2, '11:00:00', 1),
(39, 2, '11:30:00', 1),
(40, 2, '12:00:00', 1),
(41, 2, '12:30:00', 1),
(42, 2, '13:00:00', 1),
(43, 2, '13:30:00', 1),
(44, 2, '14:00:00', 1),
(45, 2, '14:30:00', 1),
(46, 2, '15:00:00', 1),
(47, 2, '15:30:00', 1),
(48, 2, '16:00:00', 1),
(49, 2, '16:30:00', 1),
(50, 2, '17:00:00', 1),
(51, 3, '06:00:00', 1),
(52, 4, '07:00:00', 1),
(53, 5, '06:00:00', 1),
(54, 5, '08:00:00', 1),
(55, 5, '18:00:00', 1),
(56, 6, '08:00:00', 1),
(57, 6, '10:00:00', 1),
(58, 6, '19:00:00', 1),
(59, 7, '06:00:00', 1),
(60, 7, '06:30:00', 1),
(61, 7, '07:30:00', 1),
(62, 7, '08:00:00', 1),
(63, 7, '09:00:00', 1),
(64, 7, '09:30:00', 1),
(65, 7, '10:00:00', 1),
(66, 7, '11:00:00', 1),
(67, 7, '13:00:00', 1),
(68, 7, '14:00:00', 1),
(69, 7, '15:00:00', 1),
(70, 7, '17:00:00', 1),
(72, 8, '06:00:00', 1),
(73, 8, '06:30:00', 1),
(74, 8, '07:30:00', 1),
(75, 8, '08:00:00', 1),
(76, 8, '09:00:00', 1),
(77, 8, '09:30:00', 1),
(78, 8, '10:00:00', 1),
(79, 8, '11:00:00', 1),
(80, 8, '13:00:00', 1),
(81, 8, '14:00:00', 1),
(82, 8, '15:00:00', 1),
(83, 8, '17:00:00', 1),
(84, 8, '18:00:00', 1),
(85, 9, '05:00:00', 1),
(86, 9, '05:10:00', 1),
(87, 9, '05:20:00', 1),
(88, 9, '05:30:00', 1),
(89, 9, '05:40:00', 1),
(90, 9, '05:50:00', 1),
(91, 9, '06:00:00', 1),
(92, 9, '06:10:00', 1),
(93, 9, '06:20:00', 1),
(94, 9, '06:30:00', 1),
(95, 9, '06:40:00', 1),
(96, 9, '06:50:00', 1),
(97, 9, '07:00:00', 1),
(98, 9, '07:10:00', 1),
(99, 9, '07:20:00', 1),
(100, 9, '07:30:00', 1),
(101, 9, '07:40:00', 1),
(102, 9, '07:50:00', 1),
(103, 9, '08:00:00', 1),
(104, 9, '08:10:00', 1),
(105, 9, '08:20:00', 1),
(106, 9, '08:30:00', 1),
(107, 9, '08:40:00', 1),
(108, 9, '08:50:00', 1),
(109, 9, '09:00:00', 1),
(110, 9, '09:10:00', 1),
(111, 9, '09:20:00', 1),
(112, 9, '09:30:00', 1),
(113, 9, '09:40:00', 1),
(114, 9, '09:50:00', 1),
(115, 9, '10:00:00', 1),
(116, 9, '10:10:00', 1),
(117, 9, '10:20:00', 1),
(118, 9, '10:30:00', 1),
(119, 9, '10:40:00', 1),
(120, 9, '10:50:00', 1),
(121, 9, '11:00:00', 1),
(122, 9, '11:10:00', 1),
(123, 9, '11:20:00', 1),
(124, 9, '11:30:00', 1),
(125, 9, '11:40:00', 1),
(126, 9, '11:50:00', 1),
(127, 9, '12:00:00', 1),
(128, 9, '12:10:00', 1),
(129, 9, '12:20:00', 1),
(130, 9, '12:30:00', 1),
(131, 9, '12:40:00', 1),
(132, 9, '12:50:00', 1),
(133, 9, '13:00:00', 1),
(134, 9, '13:10:00', 1),
(135, 9, '13:20:00', 1),
(136, 9, '13:30:00', 1),
(137, 9, '13:40:00', 1),
(138, 9, '13:50:00', 1),
(139, 9, '14:00:00', 1),
(140, 9, '14:10:00', 1),
(141, 9, '14:20:00', 1),
(142, 9, '14:30:00', 1),
(143, 9, '14:40:00', 1),
(144, 9, '14:50:00', 1),
(145, 9, '15:00:00', 1),
(146, 9, '15:10:00', 1),
(147, 9, '15:20:00', 1),
(148, 9, '15:30:00', 1),
(149, 9, '15:40:00', 1),
(150, 9, '15:50:00', 1),
(151, 9, '16:00:00', 1),
(152, 9, '16:10:00', 1),
(153, 9, '16:20:00', 1),
(154, 9, '16:30:00', 1),
(155, 9, '16:40:00', 1),
(156, 9, '16:50:00', 1),
(157, 9, '17:00:00', 1),
(158, 9, '17:10:00', 1),
(159, 9, '17:20:00', 1),
(160, 9, '17:30:00', 1),
(161, 9, '17:40:00', 1),
(162, 9, '17:50:00', 1),
(163, 9, '18:00:00', 1),
(164, 9, '18:10:00', 1),
(165, 9, '18:20:00', 1),
(166, 9, '18:30:00', 1),
(167, 9, '18:40:00', 1),
(168, 9, '18:50:00', 1),
(169, 9, '19:00:00', 1),
(170, 9, '19:10:00', 1),
(171, 9, '19:20:00', 1),
(172, 9, '19:30:00', 1),
(173, 9, '19:40:00', 1),
(174, 9, '19:50:00', 1),
(175, 9, '20:00:00', 1),
(176, 9, '20:10:00', 1),
(177, 9, '20:20:00', 1),
(178, 9, '20:30:00', 1),
(179, 9, '20:40:00', 1),
(180, 9, '20:50:00', 1),
(181, 9, '21:10:00', 1),
(182, 9, '21:10:00', 1),
(183, 9, '21:20:00', 1),
(184, 9, '21:30:00', 1),
(185, 10, '06:00:00', 1),
(186, 10, '07:00:00', 1),
(187, 10, '08:00:00', 1),
(188, 10, '09:00:00', 1),
(189, 10, '10:00:00', 1),
(190, 10, '11:00:00', 1),
(191, 10, '12:00:00', 1);

-- --------------------------------------------------------

--
-- Estructura de tabla para la tabla `estado`
--

CREATE TABLE `estado` (
  `id_estado` int(2) NOT NULL,
  `estado` varchar(10) COLLATE utf8mb4_spanish_ci NOT NULL
) ENGINE=InnoDB DEFAULT CHARSET=utf8mb4 COLLATE=utf8mb4_spanish_ci;

--
-- Volcado de datos para la tabla `estado`
--

INSERT INTO `estado` (`id_estado`, `estado`) VALUES
(1, 'Activo'),
(2, 'Inactivo');

-- --------------------------------------------------------

--
-- Estructura de tabla para la tabla `municipios`
--

CREATE TABLE `municipios` (
  `id_municipio` int(11) NOT NULL,
  `id_departamento` int(11) NOT NULL,
  `municipio` varchar(50) COLLATE utf8mb4_spanish_ci NOT NULL
) ENGINE=InnoDB DEFAULT CHARSET=utf8mb4 COLLATE=utf8mb4_spanish_ci;

--
-- Volcado de datos para la tabla `municipios`
--

INSERT INTO `municipios` (`id_municipio`, `id_departamento`, `municipio`) VALUES
(1, 1, 'Leticia'),
(2, 1, 'Puerto Nariño'),
(3, 2, 'Abejorral'),
(4, 2, 'Abriaquí'),
(5, 2, 'Alejandria'),
(6, 2, 'Amagá'),
(7, 2, 'Amalfi'),
(8, 2, 'Andes'),
(9, 2, 'Angelópolis'),
(10, 2, 'Angostura'),
(11, 2, 'Anorí'),
(12, 2, 'Anzá'),
(13, 2, 'Apartadó'),
(14, 2, 'Arboletes'),
(15, 2, 'Argelia'),
(16, 2, 'Armenia'),
(17, 2, 'Barbosa'),
(18, 2, 'Bello'),
(19, 2, 'Belmira'),
(20, 2, 'Betania'),
(21, 2, 'Betulia'),
(22, 2, 'Bolívar'),
(23, 2, 'Briceño'),
(24, 2, 'Burítica'),
(25, 2, 'Caicedo'),
(26, 2, 'Caldas'),
(27, 2, 'Campamento'),
(28, 2, 'Caracolí'),
(29, 2, 'Caramanta'),
(30, 2, 'Carepa'),
(31, 2, 'Carmen de Viboral'),
(32, 2, 'Carolina'),
(33, 2, 'Caucasia'),
(34, 2, 'Cañasgordas'),
(35, 2, 'Chigorodó'),
(36, 2, 'Cisneros'),
(37, 2, 'Cocorná'),
(38, 2, 'Concepción'),
(39, 2, 'Concordia'),
(40, 2, 'Copacabana'),
(41, 2, 'Cáceres'),
(42, 2, 'Dabeiba'),
(43, 2, 'Don Matías'),
(44, 2, 'Ebéjico'),
(45, 2, 'El Bagre'),
(46, 2, 'Entrerríos'),
(47, 2, 'Envigado'),
(48, 2, 'Fredonia'),
(49, 2, 'Frontino'),
(50, 2, 'Giraldo'),
(51, 2, 'Girardota'),
(52, 2, 'Granada'),
(53, 2, 'Guadalupe'),
(54, 2, 'Guarne'),
(55, 2, 'Guatapé'),
(56, 2, 'Gómez Plata'),
(57, 2, 'Heliconia'),
(58, 2, 'Hispania'),
(59, 2, 'Itagüí'),
(60, 2, 'Ituango'),
(61, 2, 'Jardín'),
(62, 2, 'Jericó'),
(63, 2, 'La Ceja'),
(64, 2, 'La Estrella'),
(65, 2, 'La Pintada'),
(66, 2, 'La Unión'),
(67, 2, 'Liborina'),
(68, 2, 'Maceo'),
(69, 2, 'Marinilla'),
(70, 2, 'Medellín'),
(71, 2, 'Montebello'),
(72, 2, 'Murindó'),
(73, 2, 'Mutatá'),
(74, 2, 'Nariño'),
(75, 2, 'Nechí'),
(76, 2, 'Necoclí'),
(77, 2, 'Olaya'),
(78, 2, 'Peque'),
(79, 2, 'Peñol'),
(80, 2, 'Pueblorrico'),
(81, 2, 'Puerto Berrío'),
(82, 2, 'Puerto Nare'),
(83, 2, 'Puerto Triunfo'),
(84, 2, 'Remedios'),
(85, 2, 'Retiro'),
(86, 2, 'Ríonegro'),
(87, 2, 'Sabanalarga'),
(88, 2, 'Sabaneta'),
(89, 2, 'Salgar'),
(90, 2, 'San Andrés de Cuerquía'),
(91, 2, 'San Carlos'),
(92, 2, 'San Francisco'),
(93, 2, 'San Jerónimo'),
(94, 2, 'San José de Montaña'),
(95, 2, 'San Juan de Urabá'),
(96, 2, 'San Luís'),
(97, 2, 'San Pedro'),
(98, 2, 'San Pedro de Urabá'),
(99, 2, 'San Rafael'),
(100, 2, 'San Roque'),
(101, 2, 'San Vicente'),
(102, 2, 'Santa Bárbara'),
(103, 2, 'Santa Fé de Antioquia'),
(104, 2, 'Santa Rosa de Osos'),
(105, 2, 'Santo Domingo'),
(106, 2, 'Santuario'),
(107, 2, 'Segovia'),
(108, 2, 'Sonsón'),
(109, 2, 'Sopetrán'),
(110, 2, 'Tarazá'),
(111, 2, 'Tarso'),
(112, 2, 'Titiribí'),
(113, 2, 'Toledo'),
(114, 2, 'Turbo'),
(115, 2, 'Támesis'),
(116, 2, 'Uramita'),
(117, 2, 'Urrao'),
(118, 2, 'Valdivia'),
(119, 2, 'Valparaiso'),
(120, 2, 'Vegachí'),
(121, 2, 'Venecia'),
(122, 2, 'Vigía del Fuerte'),
(123, 2, 'Yalí'),
(124, 2, 'Yarumal'),
(125, 2, 'Yolombó'),
(126, 2, 'Yondó (Casabe)'),
(127, 2, 'Zaragoza'),
(128, 3, 'Arauca'),
(129, 3, 'Arauquita'),
(130, 3, 'Cravo Norte'),
(131, 3, 'Fortúl'),
(132, 3, 'Puerto Rondón'),
(133, 3, 'Saravena'),
(134, 3, 'Tame'),
(135, 4, 'Baranoa'),
(136, 4, 'Barranquilla'),
(137, 4, 'Campo de la Cruz'),
(138, 4, 'Candelaria'),
(139, 4, 'Galapa'),
(140, 4, 'Juan de Acosta'),
(141, 4, 'Luruaco'),
(142, 4, 'Malambo'),
(143, 4, 'Manatí'),
(144, 4, 'Palmar de Varela'),
(145, 4, 'Piojo'),
(146, 4, 'Polonuevo'),
(147, 4, 'Ponedera'),
(148, 4, 'Puerto Colombia'),
(149, 4, 'Repelón'),
(150, 4, 'Sabanagrande'),
(151, 4, 'Sabanalarga'),
(152, 4, 'Santa Lucía'),
(153, 4, 'Santo Tomás'),
(154, 4, 'Soledad'),
(155, 4, 'Suan'),
(156, 4, 'Tubará'),
(157, 4, 'Usiacuri'),
(158, 5, 'Achí'),
(159, 5, 'Altos del Rosario'),
(160, 5, 'Arenal'),
(161, 5, 'Arjona'),
(162, 5, 'Arroyohondo'),
(163, 5, 'Barranco de Loba'),
(164, 5, 'Calamar'),
(165, 5, 'Cantagallo'),
(166, 5, 'Cartagena'),
(167, 5, 'Cicuco'),
(168, 5, 'Clemencia'),
(169, 5, 'Córdoba'),
(170, 5, 'El Carmen de Bolívar'),
(171, 5, 'El Guamo'),
(172, 5, 'El Peñon'),
(173, 5, 'Hatillo de Loba'),
(174, 5, 'Magangué'),
(175, 5, 'Mahates'),
(176, 5, 'Margarita'),
(177, 5, 'María la Baja'),
(178, 5, 'Mompós'),
(179, 5, 'Montecristo'),
(180, 5, 'Morales'),
(181, 5, 'Norosí'),
(182, 5, 'Pinillos'),
(183, 5, 'Regidor'),
(184, 5, 'Río Viejo'),
(185, 5, 'San Cristobal'),
(186, 5, 'San Estanislao'),
(187, 5, 'San Fernando'),
(188, 5, 'San Jacinto'),
(189, 5, 'San Jacinto del Cauca'),
(190, 5, 'San Juan de Nepomuceno'),
(191, 5, 'San Martín de Loba'),
(192, 5, 'San Pablo'),
(193, 5, 'Santa Catalina'),
(194, 5, 'Santa Rosa '),
(195, 5, 'Santa Rosa del Sur'),
(196, 5, 'Simití'),
(197, 5, 'Soplaviento'),
(198, 5, 'Talaigua Nuevo'),
(199, 5, 'Tiquisio (Puerto Rico)'),
(200, 5, 'Turbaco'),
(201, 5, 'Turbaná'),
(202, 5, 'Villanueva'),
(203, 5, 'Zambrano'),
(204, 6, 'Almeida'),
(205, 6, 'Aquitania'),
(206, 6, 'Arcabuco'),
(207, 6, 'Belén'),
(208, 6, 'Berbeo'),
(209, 6, 'Beteitiva'),
(210, 6, 'Boavita'),
(211, 6, 'Boyacá'),
(212, 6, 'Briceño'),
(213, 6, 'Buenavista'),
(214, 6, 'Busbanza'),
(215, 6, 'Caldas'),
(216, 6, 'Campohermoso'),
(217, 6, 'Cerinza'),
(218, 6, 'Chinavita'),
(219, 6, 'Chiquinquirá'),
(220, 6, 'Chiscas'),
(221, 6, 'Chita'),
(222, 6, 'Chitaraque'),
(223, 6, 'Chivatá'),
(224, 6, 'Chíquiza'),
(225, 6, 'Chívor'),
(226, 6, 'Ciénaga'),
(227, 6, 'Coper'),
(228, 6, 'Corrales'),
(229, 6, 'Covarachía'),
(230, 6, 'Cubará'),
(231, 6, 'Cucaita'),
(232, 6, 'Cuitiva'),
(233, 6, 'Cómbita'),
(234, 6, 'Duitama'),
(235, 6, 'El Cocuy'),
(236, 6, 'El Espino'),
(237, 6, 'Firavitoba'),
(238, 6, 'Floresta'),
(239, 6, 'Gachantivá'),
(240, 6, 'Garagoa'),
(241, 6, 'Guacamayas'),
(242, 6, 'Guateque'),
(243, 6, 'Guayatá'),
(244, 6, 'Guicán'),
(245, 6, 'Gámeza'),
(246, 6, 'Izá'),
(247, 6, 'Jenesano'),
(248, 6, 'Jericó'),
(249, 6, 'La Capilla'),
(250, 6, 'La Uvita'),
(251, 6, 'La Victoria'),
(252, 6, 'Labranzagrande'),
(253, 6, 'Macanal'),
(254, 6, 'Maripí'),
(255, 6, 'Miraflores'),
(256, 6, 'Mongua'),
(257, 6, 'Monguí'),
(258, 6, 'Moniquirá'),
(259, 6, 'Motavita'),
(260, 6, 'Muzo'),
(261, 6, 'Nobsa'),
(262, 6, 'Nuevo Colón'),
(263, 6, 'Oicatá'),
(264, 6, 'Otanche'),
(265, 6, 'Pachavita'),
(266, 6, 'Paipa'),
(267, 6, 'Pajarito'),
(268, 6, 'Panqueba'),
(269, 6, 'Pauna'),
(270, 6, 'Paya'),
(271, 6, 'Paz de Río'),
(272, 6, 'Pesca'),
(273, 6, 'Pisva'),
(274, 6, 'Puerto Boyacá'),
(275, 6, 'Páez'),
(276, 6, 'Quipama'),
(277, 6, 'Ramiriquí'),
(278, 6, 'Rondón'),
(279, 6, 'Ráquira'),
(280, 6, 'Saboyá'),
(281, 6, 'Samacá'),
(282, 6, 'San Eduardo'),
(283, 6, 'San José de Pare'),
(284, 6, 'San Luís de Gaceno'),
(285, 6, 'San Mateo'),
(286, 6, 'San Miguel de Sema'),
(287, 6, 'San Pablo de Borbur'),
(288, 6, 'Santa María'),
(289, 6, 'Santa Rosa de Viterbo'),
(290, 6, 'Santa Sofía'),
(291, 6, 'Santana'),
(292, 6, 'Sativanorte'),
(293, 6, 'Sativasur'),
(294, 6, 'Siachoque'),
(295, 6, 'Soatá'),
(296, 6, 'Socha'),
(297, 6, 'Socotá'),
(298, 6, 'Sogamoso'),
(299, 6, 'Somondoco'),
(300, 6, 'Sora'),
(301, 6, 'Soracá'),
(302, 6, 'Sotaquirá'),
(303, 6, 'Susacón'),
(304, 6, 'Sutamarchán'),
(305, 6, 'Sutatenza'),
(306, 6, 'Sáchica'),
(307, 6, 'Tasco'),
(308, 6, 'Tenza'),
(309, 6, 'Tibaná'),
(310, 6, 'Tibasosa'),
(311, 6, 'Tinjacá'),
(312, 6, 'Tipacoque'),
(313, 6, 'Toca'),
(314, 6, 'Toguí'),
(315, 6, 'Topagá'),
(316, 6, 'Tota'),
(317, 6, 'Tunja'),
(318, 6, 'Tunungua'),
(319, 6, 'Turmequé'),
(320, 6, 'Tuta'),
(321, 6, 'Tutasá'),
(322, 6, 'Ventaquemada'),
(323, 6, 'Villa de Leiva'),
(324, 6, 'Viracachá'),
(325, 6, 'Zetaquirá'),
(326, 6, 'Úmbita'),
(327, 7, 'Aguadas'),
(328, 7, 'Anserma'),
(329, 7, 'Aranzazu'),
(330, 7, 'Belalcázar'),
(331, 7, 'Chinchiná'),
(332, 7, 'Filadelfia'),
(333, 7, 'La Dorada'),
(334, 7, 'La Merced'),
(335, 7, 'La Victoria'),
(336, 7, 'Manizales'),
(337, 7, 'Manzanares'),
(338, 7, 'Marmato'),
(339, 7, 'Marquetalia'),
(340, 7, 'Marulanda'),
(341, 7, 'Neira'),
(342, 7, 'Norcasia'),
(343, 7, 'Palestina'),
(344, 7, 'Pensilvania'),
(345, 7, 'Pácora'),
(346, 7, 'Risaralda'),
(347, 7, 'Río Sucio'),
(348, 7, 'Salamina'),
(349, 7, 'Samaná'),
(350, 7, 'San José'),
(351, 7, 'Supía'),
(352, 7, 'Villamaría'),
(353, 7, 'Viterbo'),
(354, 8, 'Albania'),
(355, 8, 'Belén de los Andaquíes'),
(356, 8, 'Cartagena del Chairá'),
(357, 8, 'Curillo'),
(358, 8, 'El Doncello'),
(359, 8, 'El Paujil'),
(360, 8, 'Florencia'),
(361, 8, 'La Montañita'),
(362, 8, 'Milán'),
(363, 8, 'Morelia'),
(364, 8, 'Puerto Rico'),
(365, 8, 'San José del Fragua'),
(366, 8, 'San Vicente del Caguán'),
(367, 8, 'Solano'),
(368, 8, 'Solita'),
(369, 8, 'Valparaiso'),
(370, 9, 'Aguazul'),
(371, 9, 'Chámeza'),
(372, 9, 'Hato Corozal'),
(373, 9, 'La Salina'),
(374, 9, 'Maní'),
(375, 9, 'Monterrey'),
(376, 9, 'Nunchía'),
(377, 9, 'Orocué'),
(378, 9, 'Paz de Ariporo'),
(379, 9, 'Pore'),
(380, 9, 'Recetor'),
(381, 9, 'Sabanalarga'),
(382, 9, 'San Luís de Palenque'),
(383, 9, 'Sácama'),
(384, 9, 'Tauramena'),
(385, 9, 'Trinidad'),
(386, 9, 'Támara'),
(387, 9, 'Villanueva'),
(388, 9, 'Yopal'),
(389, 10, 'Almaguer'),
(390, 10, 'Argelia'),
(391, 10, 'Balboa'),
(392, 10, 'Bolívar'),
(393, 10, 'Buenos Aires'),
(394, 10, 'Cajibío'),
(395, 10, 'Caldono'),
(396, 10, 'Caloto'),
(397, 10, 'Corinto'),
(398, 10, 'El Tambo'),
(399, 10, 'Florencia'),
(400, 10, 'Guachené'),
(401, 10, 'Guapí'),
(402, 10, 'Inzá'),
(403, 10, 'Jambaló'),
(404, 10, 'La Sierra'),
(405, 10, 'La Vega'),
(406, 10, 'López (Micay)'),
(407, 10, 'Mercaderes'),
(408, 10, 'Miranda'),
(409, 10, 'Morales'),
(410, 10, 'Padilla'),
(411, 10, 'Patía (El Bordo)'),
(412, 10, 'Piamonte'),
(413, 10, 'Piendamó'),
(414, 10, 'Popayán'),
(415, 10, 'Puerto Tejada'),
(416, 10, 'Puracé (Coconuco)'),
(417, 10, 'Páez (Belalcazar)'),
(418, 10, 'Rosas'),
(419, 10, 'San Sebastián'),
(420, 10, 'Santa Rosa'),
(421, 10, 'Santander de Quilichao'),
(422, 10, 'Silvia'),
(423, 10, 'Sotara (Paispamba)'),
(424, 10, 'Sucre'),
(425, 10, 'Suárez'),
(426, 10, 'Timbiquí'),
(427, 10, 'Timbío'),
(428, 10, 'Toribío'),
(429, 10, 'Totoró'),
(430, 10, 'Villa Rica'),
(431, 11, 'Aguachica'),
(432, 11, 'Agustín Codazzi'),
(433, 11, 'Astrea'),
(434, 11, 'Becerríl'),
(435, 11, 'Bosconia'),
(436, 11, 'Chimichagua'),
(437, 11, 'Chiriguaná'),
(438, 11, 'Curumaní'),
(439, 11, 'El Copey'),
(440, 11, 'El Paso'),
(441, 11, 'Gamarra'),
(442, 11, 'Gonzalez'),
(443, 11, 'La Gloria'),
(444, 11, 'La Jagua de Ibirico'),
(445, 11, 'La Paz (Robles)'),
(446, 11, 'Manaure Balcón del Cesar'),
(447, 11, 'Pailitas'),
(448, 11, 'Pelaya'),
(449, 11, 'Pueblo Bello'),
(450, 11, 'Río de oro'),
(451, 11, 'San Alberto'),
(452, 11, 'San Diego'),
(453, 11, 'San Martín'),
(454, 11, 'Tamalameque'),
(455, 11, 'Valledupar'),
(456, 12, 'Acandí'),
(457, 12, 'Alto Baudó (Pie de Pato)'),
(458, 12, 'Atrato (Yuto)'),
(459, 12, 'Bagadó'),
(460, 12, 'Bahía Solano (Mútis)'),
(461, 12, 'Bajo Baudó (Pizarro)'),
(462, 12, 'Belén de Bajirá'),
(463, 12, 'Bojayá (Bellavista)'),
(464, 12, 'Cantón de San Pablo'),
(465, 12, 'Carmen del Darién (CURBARADÓ)'),
(466, 12, 'Condoto'),
(467, 12, 'Cértegui'),
(468, 12, 'El Carmen de Atrato'),
(469, 12, 'Istmina'),
(470, 12, 'Juradó'),
(471, 12, 'Lloró'),
(472, 12, 'Medio Atrato'),
(473, 12, 'Medio Baudó'),
(474, 12, 'Medio San Juan (ANDAGOYA)'),
(475, 12, 'Novita'),
(476, 12, 'Nuquí'),
(477, 12, 'Quibdó'),
(478, 12, 'Río Iró'),
(479, 12, 'Río Quito'),
(480, 12, 'Ríosucio'),
(481, 12, 'San José del Palmar'),
(482, 12, 'Santa Genoveva de Docorodó'),
(483, 12, 'Sipí'),
(484, 12, 'Tadó'),
(485, 12, 'Unguía'),
(486, 12, 'Unión Panamericana (ÁNIMAS)'),
(487, 13, 'Ayapel'),
(488, 13, 'Buenavista'),
(489, 13, 'Canalete'),
(490, 13, 'Cereté'),
(491, 13, 'Chimá'),
(492, 13, 'Chinú'),
(493, 13, 'Ciénaga de Oro'),
(494, 13, 'Cotorra'),
(495, 13, 'La Apartada y La Frontera'),
(496, 13, 'Lorica'),
(497, 13, 'Los Córdobas'),
(498, 13, 'Momil'),
(499, 13, 'Montelíbano'),
(500, 13, 'Monteria'),
(501, 13, 'Moñitos'),
(502, 13, 'Planeta Rica'),
(503, 13, 'Pueblo Nuevo'),
(504, 13, 'Puerto Escondido'),
(505, 13, 'Puerto Libertador'),
(506, 13, 'Purísima'),
(507, 13, 'Sahagún'),
(508, 13, 'San Andrés Sotavento'),
(509, 13, 'San Antero'),
(510, 13, 'San Bernardo del Viento'),
(511, 13, 'San Carlos'),
(512, 13, 'San José de Uré'),
(513, 13, 'San Pelayo'),
(514, 13, 'Tierralta'),
(515, 13, 'Tuchín'),
(516, 13, 'Valencia'),
(517, 14, 'Agua de Dios'),
(518, 14, 'Albán'),
(519, 14, 'Anapoima'),
(520, 14, 'Anolaima'),
(521, 14, 'Apulo'),
(522, 14, 'Arbeláez'),
(523, 14, 'Beltrán'),
(524, 14, 'Bituima'),
(525, 14, 'Bogotá D.C.'),
(526, 14, 'Bojacá'),
(527, 14, 'Cabrera'),
(528, 14, 'Cachipay'),
(529, 14, 'Cajicá'),
(530, 14, 'Caparrapí'),
(531, 14, 'Carmen de Carupa'),
(532, 14, 'Chaguaní'),
(533, 14, 'Chipaque'),
(534, 14, 'Choachí'),
(535, 14, 'Chocontá'),
(536, 14, 'Chía'),
(537, 14, 'Cogua'),
(538, 14, 'Cota'),
(539, 14, 'Cucunubá'),
(540, 14, 'Cáqueza'),
(541, 14, 'El Colegio'),
(542, 14, 'El Peñón'),
(543, 14, 'El Rosal'),
(544, 14, 'Facatativá'),
(545, 14, 'Fosca'),
(546, 14, 'Funza'),
(547, 14, 'Fusagasugá'),
(548, 14, 'Fómeque'),
(549, 14, 'Fúquene'),
(550, 14, 'Gachalá'),
(551, 14, 'Gachancipá'),
(552, 14, 'Gachetá'),
(553, 14, 'Gama'),
(554, 14, 'Girardot'),
(555, 14, 'Granada'),
(556, 14, 'Guachetá'),
(557, 14, 'Guaduas'),
(558, 14, 'Guasca'),
(559, 14, 'Guataquí'),
(560, 14, 'Guatavita'),
(561, 14, 'Guayabal de Siquima'),
(562, 14, 'Guayabetal'),
(563, 14, 'Gutiérrez'),
(564, 14, 'Jerusalén'),
(565, 14, 'Junín'),
(566, 14, 'La Calera'),
(567, 14, 'La Mesa'),
(568, 14, 'La Palma'),
(569, 14, 'La Peña'),
(570, 14, 'La Vega'),
(571, 14, 'Lenguazaque'),
(572, 14, 'Machetá'),
(573, 14, 'Madrid'),
(574, 14, 'Manta'),
(575, 14, 'Medina'),
(576, 14, 'Mosquera'),
(577, 14, 'Nariño'),
(578, 14, 'Nemocón'),
(579, 14, 'Nilo'),
(580, 14, 'Nimaima'),
(581, 14, 'Nocaima'),
(582, 14, 'Pacho'),
(583, 14, 'Paime'),
(584, 14, 'Pandi'),
(585, 14, 'Paratebueno'),
(586, 14, 'Pasca'),
(587, 14, 'Puerto Salgar'),
(588, 14, 'Pulí'),
(589, 14, 'Quebradanegra'),
(590, 14, 'Quetame'),
(591, 14, 'Quipile'),
(592, 14, 'Ricaurte'),
(593, 14, 'San Antonio de Tequendama'),
(594, 14, 'San Bernardo'),
(595, 14, 'San Cayetano'),
(596, 14, 'San Francisco'),
(597, 14, 'San Juan de Río Seco'),
(598, 14, 'Sasaima'),
(599, 14, 'Sesquilé'),
(600, 14, 'Sibaté'),
(601, 14, 'Silvania'),
(602, 14, 'Simijaca'),
(603, 14, 'Soacha'),
(604, 14, 'Sopó'),
(605, 14, 'Subachoque'),
(606, 14, 'Suesca'),
(607, 14, 'Supatá'),
(608, 14, 'Susa'),
(609, 14, 'Sutatausa'),
(610, 14, 'Tabio'),
(611, 14, 'Tausa'),
(612, 14, 'Tena'),
(613, 14, 'Tenjo'),
(614, 14, 'Tibacuy'),
(615, 14, 'Tibirita'),
(616, 14, 'Tocaima'),
(617, 14, 'Tocancipá'),
(618, 14, 'Topaipí'),
(619, 14, 'Ubalá'),
(620, 14, 'Ubaque'),
(621, 14, 'Ubaté'),
(622, 14, 'Une'),
(623, 14, 'Venecia (Ospina Pérez)'),
(624, 14, 'Vergara'),
(625, 14, 'Viani'),
(626, 14, 'Villagómez'),
(627, 14, 'Villapinzón'),
(628, 14, 'Villeta'),
(629, 14, 'Viotá'),
(630, 14, 'Yacopí'),
(631, 14, 'Zipacón'),
(632, 14, 'Zipaquirá'),
(633, 14, 'Útica'),
(634, 15, 'Inírida'),
(635, 16, 'Calamar'),
(636, 16, 'El Retorno'),
(637, 16, 'Miraflores'),
(638, 16, 'San José del Guaviare'),
(639, 17, 'Acevedo'),
(640, 17, 'Agrado'),
(641, 17, 'Aipe'),
(642, 17, 'Algeciras'),
(643, 17, 'Altamira'),
(644, 17, 'Baraya'),
(645, 17, 'Campoalegre'),
(646, 17, 'Colombia'),
(647, 17, 'Elías'),
(648, 17, 'Garzón'),
(649, 17, 'Gigante'),
(650, 17, 'Guadalupe'),
(651, 17, 'Hobo'),
(652, 17, 'Isnos'),
(653, 17, 'La Argentina'),
(654, 17, 'La Plata'),
(655, 17, 'Neiva'),
(656, 17, 'Nátaga'),
(657, 17, 'Oporapa'),
(658, 17, 'Paicol'),
(659, 17, 'Palermo'),
(660, 17, 'Palestina'),
(661, 17, 'Pital'),
(662, 17, 'Pitalito'),
(663, 17, 'Rivera'),
(664, 17, 'Saladoblanco'),
(665, 17, 'San Agustín'),
(666, 17, 'Santa María'),
(667, 17, 'Suaza'),
(668, 17, 'Tarqui'),
(669, 17, 'Tello'),
(670, 17, 'Teruel'),
(671, 17, 'Tesalia'),
(672, 17, 'Timaná'),
(673, 17, 'Villavieja'),
(674, 17, 'Yaguará'),
(675, 17, 'Íquira'),
(676, 18, 'Albania'),
(677, 18, 'Barrancas'),
(678, 18, 'Dibulla'),
(679, 18, 'Distracción'),
(680, 18, 'El Molino'),
(681, 18, 'Fonseca'),
(682, 18, 'Hatonuevo'),
(683, 18, 'La Jagua del Pilar'),
(684, 18, 'Maicao'),
(685, 18, 'Manaure'),
(686, 18, 'Riohacha'),
(687, 18, 'San Juan del Cesar'),
(688, 18, 'Uribia'),
(689, 18, 'Urumita'),
(690, 18, 'Villanueva'),
(691, 19, 'Algarrobo'),
(692, 19, 'Aracataca'),
(693, 19, 'Ariguaní (El Difícil)'),
(694, 19, 'Cerro San Antonio'),
(695, 19, 'Chivolo'),
(696, 19, 'Ciénaga'),
(697, 19, 'Concordia'),
(698, 19, 'El Banco'),
(699, 19, 'El Piñon'),
(700, 19, 'El Retén'),
(701, 19, 'Fundación'),
(702, 19, 'Guamal'),
(703, 19, 'Nueva Granada'),
(704, 19, 'Pedraza'),
(705, 19, 'Pijiño'),
(706, 19, 'Pivijay'),
(707, 19, 'Plato'),
(708, 19, 'Puebloviejo'),
(709, 19, 'Remolino'),
(710, 19, 'Sabanas de San Angel (SAN ANGEL)'),
(711, 19, 'Salamina'),
(712, 19, 'San Sebastián de Buenavista'),
(713, 19, 'San Zenón'),
(714, 19, 'Santa Ana'),
(715, 19, 'Santa Bárbara de Pinto'),
(716, 19, 'Santa Marta'),
(717, 19, 'Sitionuevo'),
(718, 19, 'Tenerife'),
(719, 19, 'Zapayán (PUNTA DE PIEDRAS)'),
(720, 19, 'Zona Bananera (PRADO - SEVILLA)'),
(721, 20, 'Acacías'),
(722, 20, 'Barranca de Upía'),
(723, 20, 'Cabuyaro'),
(724, 20, 'Castilla la Nueva'),
(725, 20, 'Cubarral'),
(726, 20, 'Cumaral'),
(727, 20, 'El Calvario'),
(728, 20, 'El Castillo'),
(729, 20, 'El Dorado'),
(730, 20, 'Fuente de Oro'),
(731, 20, 'Granada'),
(732, 20, 'Guamal'),
(733, 20, 'La Macarena'),
(734, 20, 'Lejanías'),
(735, 20, 'Mapiripan'),
(736, 20, 'Mesetas'),
(737, 20, 'Puerto Concordia'),
(738, 20, 'Puerto Gaitán'),
(739, 20, 'Puerto Lleras'),
(740, 20, 'Puerto López'),
(741, 20, 'Puerto Rico'),
(742, 20, 'Restrepo'),
(743, 20, 'San Carlos de Guaroa'),
(744, 20, 'San Juan de Arama'),
(745, 20, 'San Juanito'),
(746, 20, 'San Martín'),
(747, 20, 'Uribe'),
(748, 20, 'Villavicencio'),
(749, 20, 'Vista Hermosa'),
(750, 21, 'Albán (San José)'),
(751, 21, 'Aldana'),
(752, 21, 'Ancuya'),
(753, 21, 'Arboleda (Berruecos)'),
(754, 21, 'Barbacoas'),
(755, 21, 'Belén'),
(756, 21, 'Buesaco'),
(757, 21, 'Chachaguí'),
(758, 21, 'Colón (Génova)'),
(759, 21, 'Consaca'),
(760, 21, 'Contadero'),
(761, 21, 'Cuaspud (Carlosama)'),
(762, 21, 'Cumbal'),
(763, 21, 'Cumbitara'),
(764, 21, 'Córdoba'),
(765, 21, 'El Charco'),
(766, 21, 'El Peñol'),
(767, 21, 'El Rosario'),
(768, 21, 'El Tablón de Gómez'),
(769, 21, 'El Tambo'),
(770, 21, 'Francisco Pizarro'),
(771, 21, 'Funes'),
(772, 21, 'Guachavés'),
(773, 21, 'Guachucal'),
(774, 21, 'Guaitarilla'),
(775, 21, 'Gualmatán'),
(776, 21, 'Iles'),
(777, 21, 'Imúes'),
(778, 21, 'Ipiales'),
(779, 21, 'La Cruz'),
(780, 21, 'La Florida'),
(781, 21, 'La Llanada'),
(782, 21, 'La Tola'),
(783, 21, 'La Unión'),
(784, 21, 'Leiva'),
(785, 21, 'Linares'),
(786, 21, 'Magüi (Payán)'),
(787, 21, 'Mallama (Piedrancha)'),
(788, 21, 'Mosquera'),
(789, 21, 'Nariño'),
(790, 21, 'Olaya Herrera'),
(791, 21, 'Ospina'),
(792, 21, 'Policarpa'),
(793, 21, 'Potosí'),
(794, 21, 'Providencia'),
(795, 21, 'Puerres'),
(796, 21, 'Pupiales'),
(797, 21, 'Ricaurte'),
(798, 21, 'Roberto Payán (San José)'),
(799, 21, 'Samaniego'),
(800, 21, 'San Bernardo'),
(801, 21, 'San Juan de Pasto'),
(802, 21, 'San Lorenzo'),
(803, 21, 'San Pablo'),
(804, 21, 'San Pedro de Cartago'),
(805, 21, 'Sandoná'),
(806, 21, 'Santa Bárbara (Iscuandé)'),
(807, 21, 'Sapuyes'),
(808, 21, 'Sotomayor (Los Andes)'),
(809, 21, 'Taminango'),
(810, 21, 'Tangua'),
(811, 21, 'Tumaco'),
(812, 21, 'Túquerres'),
(813, 21, 'Yacuanquer'),
(814, 22, 'Arboledas'),
(815, 22, 'Bochalema'),
(816, 22, 'Bucarasica'),
(817, 22, 'Chinácota'),
(818, 22, 'Chitagá'),
(819, 22, 'Convención'),
(820, 22, 'Cucutilla'),
(821, 22, 'Cáchira'),
(822, 22, 'Cácota'),
(823, 22, 'Cúcuta'),
(824, 22, 'Durania'),
(825, 22, 'El Carmen'),
(826, 22, 'El Tarra'),
(827, 22, 'El Zulia'),
(828, 22, 'Gramalote'),
(829, 22, 'Hacarí'),
(830, 22, 'Herrán'),
(831, 22, 'La Esperanza'),
(832, 22, 'La Playa'),
(833, 22, 'Labateca'),
(834, 22, 'Los Patios'),
(835, 22, 'Lourdes'),
(836, 22, 'Mutiscua'),
(837, 22, 'Ocaña'),
(838, 22, 'Pamplona'),
(839, 22, 'Pamplonita'),
(840, 22, 'Puerto Santander'),
(841, 22, 'Ragonvalia'),
(842, 22, 'Salazar'),
(843, 22, 'San Calixto'),
(844, 22, 'San Cayetano'),
(845, 22, 'Santiago'),
(846, 22, 'Sardinata'),
(847, 22, 'Silos'),
(848, 22, 'Teorama'),
(849, 22, 'Tibú'),
(850, 22, 'Toledo'),
(851, 22, 'Villa Caro'),
(852, 22, 'Villa del Rosario'),
(853, 22, 'Ábrego'),
(854, 23, 'Colón'),
(855, 23, 'Mocoa'),
(856, 23, 'Orito'),
(857, 23, 'Puerto Asís'),
(858, 23, 'Puerto Caicedo'),
(859, 23, 'Puerto Guzmán'),
(860, 23, 'Puerto Leguízamo'),
(861, 23, 'San Francisco'),
(862, 23, 'San Miguel'),
(863, 23, 'Santiago'),
(864, 23, 'Sibundoy'),
(865, 23, 'Valle del Guamuez'),
(866, 23, 'Villagarzón'),
(867, 24, 'Armenia'),
(868, 24, 'Buenavista'),
(869, 24, 'Calarcá'),
(870, 24, 'Circasia'),
(871, 24, 'Cordobá'),
(872, 24, 'Filandia'),
(873, 24, 'Génova'),
(874, 24, 'La Tebaida'),
(875, 24, 'Montenegro'),
(876, 24, 'Pijao'),
(877, 24, 'Quimbaya'),
(878, 24, 'Salento'),
(879, 25, 'Apía'),
(880, 25, 'Balboa'),
(881, 25, 'Belén de Umbría'),
(882, 25, 'Dos Quebradas'),
(883, 25, 'Guática'),
(884, 25, 'La Celia'),
(885, 25, 'La Virginia'),
(886, 25, 'Marsella'),
(887, 25, 'Mistrató'),
(888, 25, 'Pereira'),
(889, 25, 'Pueblo Rico'),
(890, 25, 'Quinchía'),
(891, 25, 'Santa Rosa de Cabal'),
(892, 25, 'Santuario'),
(893, 26, 'Providencia'),
(894, 27, 'Aguada'),
(895, 27, 'Albania'),
(896, 27, 'Aratoca'),
(897, 27, 'Barbosa'),
(898, 27, 'Barichara'),
(899, 27, 'Barrancabermeja'),
(900, 27, 'Betulia'),
(901, 27, 'Bolívar'),
(902, 27, 'Bucaramanga'),
(903, 27, 'Cabrera'),
(904, 27, 'California'),
(905, 27, 'Capitanejo'),
(906, 27, 'Carcasí'),
(907, 27, 'Cepita'),
(908, 27, 'Cerrito'),
(909, 27, 'Charalá'),
(910, 27, 'Charta'),
(911, 27, 'Chima'),
(912, 27, 'Chipatá'),
(913, 27, 'Cimitarra'),
(914, 27, 'Concepción'),
(915, 27, 'Confines'),
(916, 27, 'Contratación'),
(917, 27, 'Coromoro'),
(918, 27, 'Curití'),
(919, 27, 'El Carmen'),
(920, 27, 'El Guacamayo'),
(921, 27, 'El Peñon'),
(922, 27, 'El Playón'),
(923, 27, 'Encino'),
(924, 27, 'Enciso'),
(925, 27, 'Floridablanca'),
(926, 27, 'Florián'),
(927, 27, 'Galán'),
(928, 27, 'Girón'),
(929, 27, 'Guaca'),
(930, 27, 'Guadalupe'),
(931, 27, 'Guapota'),
(932, 27, 'Guavatá'),
(933, 27, 'Guepsa'),
(934, 27, 'Gámbita'),
(935, 27, 'Hato'),
(936, 27, 'Jesús María'),
(937, 27, 'Jordán'),
(938, 27, 'La Belleza'),
(939, 27, 'La Paz'),
(940, 27, 'Landázuri'),
(941, 27, 'Lebrija'),
(942, 27, 'Los Santos'),
(943, 27, 'Macaravita'),
(944, 27, 'Matanza'),
(945, 27, 'Mogotes'),
(946, 27, 'Molagavita'),
(947, 27, 'Málaga'),
(948, 27, 'Ocamonte'),
(949, 27, 'Oiba'),
(950, 27, 'Onzaga'),
(951, 27, 'Palmar'),
(952, 27, 'Palmas del Socorro'),
(953, 27, 'Pie de Cuesta'),
(954, 27, 'Pinchote'),
(955, 27, 'Puente Nacional'),
(956, 27, 'Puerto Parra'),
(957, 27, 'Puerto Wilches'),
(958, 27, 'Páramo'),
(959, 27, 'Rio Negro'),
(960, 27, 'Sabana de Torres'),
(961, 27, 'San Andrés'),
(962, 27, 'San Benito'),
(963, 27, 'San Gíl'),
(964, 27, 'San Joaquín'),
(965, 27, 'San José de Miranda'),
(966, 27, 'San Miguel'),
(967, 27, 'San Vicente del Chucurí'),
(968, 27, 'Santa Bárbara'),
(969, 27, 'Santa Helena del Opón'),
(970, 27, 'Simacota'),
(971, 27, 'Socorro'),
(972, 27, 'Suaita'),
(973, 27, 'Sucre'),
(974, 27, 'Suratá'),
(975, 27, 'Tona'),
(976, 27, 'Valle de San José'),
(977, 27, 'Vetas'),
(978, 27, 'Villanueva'),
(979, 27, 'Vélez'),
(980, 27, 'Zapatoca'),
(981, 28, 'Buenavista'),
(982, 28, 'Caimito'),
(983, 28, 'Chalán'),
(984, 28, 'Colosó (Ricaurte)'),
(985, 28, 'Corozal'),
(986, 28, 'Coveñas'),
(987, 28, 'El Roble'),
(988, 28, 'Galeras (Nueva Granada)'),
(989, 28, 'Guaranda'),
(990, 28, 'La Unión'),
(991, 28, 'Los Palmitos'),
(992, 28, 'Majagual'),
(993, 28, 'Morroa'),
(994, 28, 'Ovejas'),
(995, 28, 'Palmito'),
(996, 28, 'Sampués'),
(997, 28, 'San Benito Abad'),
(998, 28, 'San Juan de Betulia'),
(999, 28, 'San Marcos'),
(1000, 28, 'San Onofre'),
(1001, 28, 'San Pedro'),
(1002, 28, 'Sincelejo'),
(1003, 28, 'Sincé'),
(1004, 28, 'Sucre'),
(1005, 28, 'Tolú'),
(1006, 28, 'Tolú Viejo'),
(1007, 29, 'Alpujarra'),
(1008, 29, 'Alvarado'),
(1009, 29, 'Ambalema'),
(1010, 29, 'Anzoátegui'),
(1011, 29, 'Armero (Guayabal)'),
(1012, 29, 'Ataco'),
(1013, 29, 'Cajamarca'),
(1014, 29, 'Carmen de Apicalá'),
(1015, 29, 'Casabianca'),
(1016, 29, 'Chaparral'),
(1017, 29, 'Coello'),
(1018, 29, 'Coyaima'),
(1019, 29, 'Cunday'),
(1020, 29, 'Dolores'),
(1021, 29, 'Espinal'),
(1022, 29, 'Falan'),
(1023, 29, 'Flandes'),
(1024, 29, 'Fresno'),
(1025, 29, 'Guamo'),
(1026, 29, 'Herveo'),
(1027, 29, 'Honda'),
(1028, 29, 'Ibagué'),
(1029, 29, 'Icononzo'),
(1030, 29, 'Lérida'),
(1031, 29, 'Líbano'),
(1032, 29, 'Mariquita'),
(1033, 29, 'Melgar'),
(1034, 29, 'Murillo'),
(1035, 29, 'Natagaima'),
(1036, 29, 'Ortega'),
(1037, 29, 'Palocabildo'),
(1038, 29, 'Piedras'),
(1039, 29, 'Planadas'),
(1040, 29, 'Prado'),
(1041, 29, 'Purificación'),
(1042, 29, 'Rioblanco'),
(1043, 29, 'Roncesvalles'),
(1044, 29, 'Rovira'),
(1045, 29, 'Saldaña'),
(1046, 29, 'San Antonio'),
(1047, 29, 'San Luis'),
(1048, 29, 'Santa Isabel'),
(1049, 29, 'Suárez'),
(1050, 29, 'Valle de San Juan'),
(1051, 29, 'Venadillo'),
(1052, 29, 'Villahermosa'),
(1053, 29, 'Villarrica'),
(1054, 30, 'Alcalá'),
(1055, 30, 'Andalucía'),
(1056, 30, 'Ansermanuevo'),
(1057, 30, 'Argelia'),
(1058, 30, 'Bolívar'),
(1059, 30, 'Buenaventura'),
(1060, 30, 'Buga'),
(1061, 30, 'Bugalagrande'),
(1062, 30, 'Caicedonia'),
(1063, 30, 'Calima (Darién)'),
(1064, 30, 'Calí'),
(1065, 30, 'Candelaria'),
(1066, 30, 'Cartago'),
(1067, 30, 'Dagua'),
(1068, 30, 'El Cairo'),
(1069, 30, 'El Cerrito'),
(1070, 30, 'El Dovio'),
(1071, 30, 'El Águila'),
(1072, 30, 'Florida'),
(1073, 30, 'Ginebra'),
(1074, 30, 'Guacarí'),
(1075, 30, 'Jamundí'),
(1076, 30, 'La Cumbre'),
(1077, 30, 'La Unión'),
(1078, 30, 'La Victoria'),
(1079, 30, 'Obando'),
(1080, 30, 'Palmira'),
(1081, 30, 'Pradera'),
(1082, 30, 'Restrepo'),
(1083, 30, 'Riofrío'),
(1084, 30, 'Roldanillo'),
(1085, 30, 'San Pedro'),
(1086, 30, 'Sevilla'),
(1087, 30, 'Toro'),
(1088, 30, 'Trujillo'),
(1089, 30, 'Tulúa'),
(1090, 30, 'Ulloa'),
(1091, 30, 'Versalles'),
(1092, 30, 'Vijes'),
(1093, 30, 'Yotoco'),
(1094, 30, 'Yumbo'),
(1095, 30, 'Zarzal'),
(1096, 31, 'Carurú'),
(1097, 31, 'Mitú'),
(1098, 31, 'Taraira'),
(1099, 32, 'Cumaribo'),
(1100, 32, 'La Primavera'),
(1101, 32, 'Puerto Carreño'),
(1102, 32, 'Santa Rosalía');

-- --------------------------------------------------------

--
-- Estructura de tabla para la tabla `poseer`
--

CREATE TABLE `poseer` (
  `id_poseer` int(10) NOT NULL,
  `id_propietario` int(10) NOT NULL,
  `num_interno_vehiculo` int(10) NOT NULL
) ENGINE=InnoDB DEFAULT CHARSET=utf8mb4 COLLATE=utf8mb4_spanish_ci;

--
-- Volcado de datos para la tabla `poseer`
--

INSERT INTO `poseer` (`id_poseer`, `id_propietario`, `num_interno_vehiculo`) VALUES
(1, 2, 2),
(2, 2, 16),
(3, 2, 63),
(4, 2, 105),
(5, 3, 179);

-- --------------------------------------------------------

--
-- Estructura de tabla para la tabla `propietarios`
--

CREATE TABLE `propietarios` (
  `id_propietario` int(10) NOT NULL,
  `documento_propietario` int(20) NOT NULL,
  `nombres_propietario` varchar(50) COLLATE utf8mb4_spanish_ci NOT NULL,
  `apellidos_propietario` varchar(50) COLLATE utf8mb4_spanish_ci NOT NULL,
  `direccion_propietario` varchar(50) COLLATE utf8mb4_spanish_ci NOT NULL,
  `celular_propietario` bigint(15) NOT NULL,
  `email` varchar(50) COLLATE utf8mb4_spanish_ci NOT NULL,
  `password` varchar(60) COLLATE utf8mb4_spanish_ci NOT NULL,
  `id_estado` int(2) NOT NULL,
  `id_tipo_usuario` int(10) NOT NULL,
  `fecha_alta` date NOT NULL
) ENGINE=InnoDB DEFAULT CHARSET=utf8mb4 COLLATE=utf8mb4_spanish_ci;

--
-- Volcado de datos para la tabla `propietarios`
--

INSERT INTO `propietarios` (`id_propietario`, `documento_propietario`, `nombres_propietario`, `apellidos_propietario`, `direccion_propietario`, `celular_propietario`, `email`, `password`, `id_estado`, `id_tipo_usuario`, `fecha_alta`) VALUES
(2, 12345, 'carlos ', 'suarez', 'barrio libertador', 123456, 'carlos@hotmail.com', '12345', 1, 3, '2018-02-01'),
(3, 1105345678, 'jorge ', 'lopez', 'calle 3', 3221234567, 'jorge.lopez@hotmail.com', '12345', 1, 3, '2018-03-01');

-- --------------------------------------------------------

--
-- Estructura de tabla para la tabla `rodamientos`
--

CREATE TABLE `rodamientos` (
  `id_rodamiento` int(10) NOT NULL,
  `id_rutas` int(10) NOT NULL,
  `mes_rodamiento` varchar(20) COLLATE utf8mb4_spanish_ci NOT NULL,
  `semestre_rodamiento` varchar(1) COLLATE utf8mb4_spanish_ci NOT NULL,
  `año_rodamiento` int(4) NOT NULL
) ENGINE=InnoDB DEFAULT CHARSET=utf8mb4 COLLATE=utf8mb4_spanish_ci;

--
-- Volcado de datos para la tabla `rodamientos`
--

INSERT INTO `rodamientos` (`id_rodamiento`, `id_rutas`, `mes_rodamiento`, `semestre_rodamiento`, `año_rodamiento`) VALUES
(1, 9, 'Enero', 'A', 2018),
(2, 9, 'Junio', 'A', 2018),
(3, 9, 'Julio', 'B', 2018),
(4, 9, 'Agosto', 'B', 2018),
(5, 1, 'Junio', 'A', 2021),
(6, 1, 'Julio', 'B', 2021),
(7, 1, 'Octubre', 'B', 2021);

-- --------------------------------------------------------

--
-- Estructura de tabla para la tabla `rutas`
--

CREATE TABLE `rutas` (
  `id_rutas` int(10) NOT NULL,
  `nombre_ruta` varchar(50) COLLATE utf8mb4_spanish_ci NOT NULL,
  `ciudad_origen` varchar(50) COLLATE utf8mb4_spanish_ci NOT NULL,
  `ciudad_destino` varchar(50) COLLATE utf8mb4_spanish_ci NOT NULL,
  `id_estado` int(2) NOT NULL
) ENGINE=InnoDB DEFAULT CHARSET=utf8mb4 COLLATE=utf8mb4_spanish_ci;

--
-- Volcado de datos para la tabla `rutas`
--

INSERT INTO `rutas` (`id_rutas`, `nombre_ruta`, `ciudad_origen`, `ciudad_destino`, `id_estado`) VALUES
(1, 'Guamo-Ibague', 'Guamo', 'Ibagué', 1),
(2, 'Ibague-Guamo', 'Ibagué', 'Guamo', 1),
(3, 'Guamo-Girardot', 'Guamo', 'Girardot', 1),
(4, 'Girardot-Guamo', 'Girardot', 'Guamo', 1),
(5, 'Guamo-Purificacion', 'Guamo', 'Purificación', 1),
(6, 'Purificacion-Guamo', 'Purificación', 'Guamo', 1),
(7, 'Guamo-San Luis', 'Guamo', 'San Luis', 1),
(8, 'San Luis-Guamo', 'San Luis', 'Guamo', 1),
(9, 'Guamo-Espinal', 'Guamo', 'Espinal', 1),
(10, 'IBAGUE - BOGOTA', 'Ibagué', 'Bogotá D.C.', 1);

-- --------------------------------------------------------

--
-- Estructura de tabla para la tabla `rutas_vehiculos`
--

CREATE TABLE `rutas_vehiculos` (
  `id_rutas_vehiculos` int(10) NOT NULL,
  `id_rutas` int(10) NOT NULL,
  `num_interno_vehiculo` int(10) NOT NULL
) ENGINE=InnoDB DEFAULT CHARSET=utf8mb4 COLLATE=utf8mb4_spanish_ci;

--
-- Volcado de datos para la tabla `rutas_vehiculos`
--

INSERT INTO `rutas_vehiculos` (`id_rutas_vehiculos`, `id_rutas`, `num_interno_vehiculo`) VALUES
(1, 7, 2),
(2, 8, 2),
(3, 7, 105),
(4, 8, 105),
(5, 7, 246),
(6, 8, 246),
(7, 7, 121),
(8, 8, 121),
(9, 7, 185),
(10, 8, 185),
(11, 7, 134),
(12, 8, 134),
(13, 1, 124),
(14, 2, 124),
(15, 3, 124),
(16, 4, 124),
(17, 5, 124),
(18, 6, 124),
(19, 9, 124),
(20, 1, 251),
(21, 2, 251),
(22, 3, 251),
(23, 4, 251),
(24, 5, 251),
(25, 6, 251),
(26, 9, 251),
(27, 1, 33),
(28, 2, 33),
(29, 3, 33),
(30, 4, 33),
(31, 5, 33),
(32, 6, 33),
(33, 9, 33),
(34, 1, 225),
(35, 2, 225),
(36, 3, 225),
(37, 4, 225),
(38, 5, 225),
(39, 6, 225),
(40, 9, 225),
(41, 1, 16),
(42, 2, 16),
(43, 3, 16),
(44, 4, 16),
(45, 5, 16),
(46, 6, 16),
(47, 9, 16),
(48, 1, 235),
(49, 2, 235),
(50, 3, 235),
(51, 4, 235),
(52, 5, 235),
(53, 6, 235),
(54, 9, 235),
(55, 1, 138),
(56, 2, 138),
(57, 3, 138),
(58, 4, 138),
(59, 5, 138),
(60, 6, 138),
(61, 9, 138),
(62, 1, 159),
(63, 2, 159),
(64, 3, 159),
(65, 4, 159),
(66, 5, 159),
(67, 6, 159),
(68, 9, 159),
(69, 1, 179),
(70, 2, 179),
(71, 3, 179),
(72, 4, 179),
(73, 5, 179),
(74, 6, 179),
(75, 9, 179),
(76, 1, 172),
(77, 2, 172),
(78, 3, 172),
(79, 4, 172),
(80, 5, 172),
(81, 6, 172),
(82, 9, 172),
(83, 1, 63),
(84, 2, 63),
(85, 3, 63),
(86, 4, 63),
(87, 5, 63),
(88, 6, 63),
(89, 9, 63),
(90, 1, 61),
(91, 2, 61),
(92, 3, 61),
(93, 4, 61),
(94, 5, 61),
(95, 6, 61),
(96, 9, 61),
(97, 1, 245),
(98, 2, 245),
(99, 3, 245),
(100, 4, 245),
(101, 5, 245),
(102, 6, 245),
(103, 9, 245),
(104, 1, 151),
(105, 2, 151),
(106, 3, 151),
(107, 4, 151),
(108, 5, 151),
(109, 6, 151),
(110, 9, 151),
(111, 1, 663);

-- --------------------------------------------------------

--
-- Estructura de tabla para la tabla `taquilleros`
--

CREATE TABLE `taquilleros` (
  `id_taquillero` int(10) NOT NULL,
  `documento_taquillero` int(20) NOT NULL,
  `nombres_taquillero` varchar(50) COLLATE utf8mb4_spanish_ci NOT NULL,
  `apellidos_taquillero` varchar(50) COLLATE utf8mb4_spanish_ci NOT NULL,
  `direccion_taquillero` varchar(50) COLLATE utf8mb4_spanish_ci NOT NULL,
  `celular_taquillero` bigint(15) NOT NULL,
  `email` varchar(50) COLLATE utf8mb4_spanish_ci NOT NULL,
  `password` varchar(60) COLLATE utf8mb4_spanish_ci NOT NULL,
  `id_estado` int(2) NOT NULL,
  `id_tipo_usuario` int(10) NOT NULL
) ENGINE=InnoDB DEFAULT CHARSET=utf8mb4 COLLATE=utf8mb4_spanish_ci;

--
-- Volcado de datos para la tabla `taquilleros`
--

INSERT INTO `taquilleros` (`id_taquillero`, `documento_taquillero`, `nombres_taquillero`, `apellidos_taquillero`, `direccion_taquillero`, `celular_taquillero`, `email`, `password`, `id_estado`, `id_tipo_usuario`) VALUES
(1, 1212, 'Carlos Alberto', 'Medina Rojas', 'calle 20 # 20-34', 3221234567, 'carlosmedina@hotmail.com', '12345', 1, 4),
(2, 1313, 'Rodolfo', 'Gutierrez Suarez', 'Calle 4 # 12', 3214567890, 'rodolfo@hotmail.com', '12345', 1, 4);

-- --------------------------------------------------------

--
-- Estructura de tabla para la tabla `tipo_usuarios`
--

CREATE TABLE `tipo_usuarios` (
  `id_tipo_usuario` int(10) NOT NULL,
  `tipo_usuario` varchar(30) COLLATE utf8mb4_spanish_ci NOT NULL
) ENGINE=InnoDB DEFAULT CHARSET=utf8mb4 COLLATE=utf8mb4_spanish_ci;

--
-- Volcado de datos para la tabla `tipo_usuarios`
--

INSERT INTO `tipo_usuarios` (`id_tipo_usuario`, `tipo_usuario`) VALUES
(1, 'Administrador'),
(2, 'Conductor'),
(3, 'Propietario'),
(4, 'Taquillero');

-- --------------------------------------------------------

--
-- Estructura de tabla para la tabla `tipo_vehiculo`
--

CREATE TABLE `tipo_vehiculo` (
  `id_tipo_vehiculo` int(10) NOT NULL,
  `tipo_vehiculo` varchar(30) COLLATE utf8mb4_spanish_ci NOT NULL
) ENGINE=InnoDB DEFAULT CHARSET=utf8mb4 COLLATE=utf8mb4_spanish_ci;

--
-- Volcado de datos para la tabla `tipo_vehiculo`
--

INSERT INTO `tipo_vehiculo` (`id_tipo_vehiculo`, `tipo_vehiculo`) VALUES
(1, 'Buseta'),
(2, 'Van'),
(3, 'Bus');

-- --------------------------------------------------------

--
-- Estructura de tabla para la tabla `usuarios`
--

CREATE TABLE `usuarios` (
  `id_usuario` int(10) NOT NULL,
  `documento_usuario` int(20) NOT NULL,
  `nombres_usuario` varchar(50) COLLATE utf8mb4_spanish_ci NOT NULL,
  `apellidos_usuario` varchar(50) COLLATE utf8mb4_spanish_ci NOT NULL,
  `direccion_usuario` varchar(50) COLLATE utf8mb4_spanish_ci NOT NULL,
  `celular_usuario` bigint(15) NOT NULL,
  `email` varchar(50) COLLATE utf8mb4_spanish_ci NOT NULL,
  `password` varchar(60) COLLATE utf8mb4_spanish_ci NOT NULL,
  `id_estado` int(2) NOT NULL,
  `id_tipo_usuario` int(10) NOT NULL
) ENGINE=InnoDB DEFAULT CHARSET=utf8mb4 COLLATE=utf8mb4_spanish_ci;

--
-- Volcado de datos para la tabla `usuarios`
--

INSERT INTO `usuarios` (`id_usuario`, `documento_usuario`, `nombres_usuario`, `apellidos_usuario`, `direccion_usuario`, `celular_usuario`, `email`, `password`, `id_estado`, `id_tipo_usuario`) VALUES
(1, 12345, 'Jose ', 'Morales ', 'calle 3 ', 123456, 'jose@hotmail.com', '12345', 1, 1),
(2, 1212, 'Carlos Alberto', 'Medina Rojas', 'calle 20 # 20-34', 12345678, 'carlosmedina@hotmail.com', '12345', 1, 1);

-- --------------------------------------------------------

--
-- Estructura de tabla para la tabla `vehiculos`
--

CREATE TABLE `vehiculos` (
  `num_interno_vehiculo` int(10) NOT NULL,
  `placa_vehiculo` varchar(6) COLLATE utf8mb4_spanish_ci NOT NULL,
  `id_tipo_vehiculo` int(10) NOT NULL,
  `modelo_vehiculo` int(4) NOT NULL,
  `cilindraje_vehiculo` int(6) NOT NULL,
  `num_motor_vehiculo` varchar(30) COLLATE utf8mb4_spanish_ci NOT NULL,
  `marca_vehiculo` varchar(20) COLLATE utf8mb4_spanish_ci NOT NULL,
  `clase_vehiculo` varchar(15) COLLATE utf8mb4_spanish_ci NOT NULL,
  `capacidad_vehiculo` int(2) NOT NULL,
  `vin_vehiculo` varchar(30) COLLATE utf8mb4_spanish_ci NOT NULL,
  `soat_vehiculo` int(20) NOT NULL,
  `vigencia_soat` date NOT NULL,
  `tecno_vehiculo` int(20) NOT NULL,
  `vigencia_tecno` date NOT NULL,
  `licencia_transito_vehiculo` int(20) NOT NULL,
  `vigencia_licencia` date NOT NULL,
  `id_estado` int(2) NOT NULL,
  `fecha_alta` date NOT NULL
) ENGINE=InnoDB DEFAULT CHARSET=utf8mb4 COLLATE=utf8mb4_spanish_ci;

--
-- Volcado de datos para la tabla `vehiculos`
--

INSERT INTO `vehiculos` (`num_interno_vehiculo`, `placa_vehiculo`, `id_tipo_vehiculo`, `modelo_vehiculo`, `cilindraje_vehiculo`, `num_motor_vehiculo`, `marca_vehiculo`, `clase_vehiculo`, `capacidad_vehiculo`, `vin_vehiculo`, `soat_vehiculo`, `vigencia_soat`, `tecno_vehiculo`, `vigencia_tecno`, `licencia_transito_vehiculo`, `vigencia_licencia`, `id_estado`, `fecha_alta`) VALUES
(2, 'QWE123', 1, 2015, 4000, '121212', 'Volskwagen', 'ejecutiva', 20, '12314', 131313123, '2021-07-29', 4234242, '2021-07-29', 3131313, '2021-07-28', 1, '2018-01-10'),
(16, 'HDS456', 2, 2015, 3000, '24898294', 'chevrolet', 'ejecutiva', 20, '4083204', 289234, '2021-11-24', 4204024, '2021-08-25', 48248, '2021-09-29', 1, '2018-01-15'),
(33, 'GHF654', 2, 2015, 3000, '98988', 'Nissan', 'ejecutiva', 20, '55543', 323123, '2022-10-25', 76777, '2022-11-23', 55677, '2021-11-23', 1, '2018-01-20'),
(61, 'DFS343', 1, 2015, 4000, '34334', 'Nissan', 'ejecutiva', 30, '43534345', 544545, '2021-07-31', 343434, '2021-08-27', 4353435, '2021-09-22', 1, '2018-01-02'),
(63, 'BBG556', 2, 2015, 3500, '554656', 'Volkswagen', 'ejecutiva', 20, '433354', 21223123, '2022-10-18', 34355345, '2022-11-26', 2131233, '2022-11-23', 1, '2018-01-27'),
(105, 'RTY456', 2, 2016, 3500, '422424', 'chevrolet', 'ejecutiva', 20, '4424', 31313, '2021-11-18', 33133, '2021-10-27', 453535, '2021-09-29', 1, '2018-01-18'),
(121, 'TEQ342', 2, 2015, 3000, '56333', 'volkswagen', 'ejecutiva', 20, '6643', 2335, '2021-07-22', 34235, '2021-07-23', 45453, '2021-07-28', 1, '2018-01-13'),
(124, 'PLI973', 2, 2015, 3000, '3434324', 'chevrolet', 'ejecutiva', 20, '4455', 3223, '2021-11-18', 34455, '2021-11-24', 223444, '2021-11-23', 1, '2018-01-22'),
(134, 'LKJ934', 1, 2016, 4000, '7877', 'Nissan', 'ejecutiva', 30, '887787', 673434, '2021-07-10', 43434, '2021-09-30', 332435, '2021-09-13', 1, '0000-00-00'),
(138, 'CVB390', 2, 2015, 3000, '4234234', 'Nissan', 'ejecutiva', 20, '322342', 34242, '2021-09-20', 524332, '2021-12-23', 2323455, '2021-11-23', 1, '2018-02-03'),
(151, 'FGF554', 1, 2016, 3000, '54646456', 'Nissan', 'ejecutiva', 30, '345345', 4353435, '2021-08-24', 564566, '2021-08-28', 2332334, '2021-10-14', 1, '2018-02-14'),
(159, 'BFS529', 1, 2014, 4000, '423424', 'Nissan', 'ejecutiva', 30, '34534', 32456, '2021-09-03', 2323576, '2021-07-31', 232367, '2021-07-27', 1, '2018-02-21'),
(172, 'FFH583', 1, 2014, 3000, '43345', 'Nissan', 'ejecutiva', 20, '535455', 6676878, '2021-09-24', 787868, '2021-08-22', 323344, '2021-10-29', 1, '2018-02-27'),
(179, 'MSE234', 2, 2015, 3000, '455445', 'chevrolet', 'ejecutiva', 20, '435345', 34234, '2022-06-15', 56556, '2022-06-22', 12323, '2022-07-07', 1, '2018-03-06'),
(185, 'IJH932', 1, 2014, 4000, '66789', 'Nissan', 'ejecutiva', 30, '56564', 342366, '2021-07-30', 4242, '2021-08-20', 55555, '2021-09-30', 1, '2018-03-15'),
(225, 'ASD123', 1, 2014, 3500, '993942', 'chevrolet', 'ejecutiva', 30, '92939', 3039394, '2022-12-01', 93033, '2022-05-11', 32424, '2021-12-30', 1, '2018-03-21'),
(235, 'WED562', 3, 2014, 5000, '23423', 'Volvo', 'ejecutiva', 40, '9309301', 130203, '2021-11-24', 92039013, '2021-12-30', 8398392, '2021-12-21', 1, '2018-03-23'),
(245, 'HJN564', 2, 2015, 4000, '543434', 'Nissan', 'ejecutiva', 20, '4322', 23234, '2021-10-19', 454554, '2021-10-21', 2147483647, '2021-11-10', 1, '2018-03-28'),
(246, 'UIO890', 3, 2014, 5000, '45452313', 'Nissan', 'ejecutiva', 40, '556565', 2313, '2021-07-28', 342424, '2021-07-29', 3242424, '2021-07-27', 1, '2018-04-02'),
(251, 'HBG787', 3, 2015, 5000, '45345', 'Nissan', 'ejecutiva', 40, '5554', 45353, '2022-10-27', 3453, '2022-11-24', 534343, '2022-08-25', 1, '2018-04-03'),
(663, 'JJA321', 1, 2018, 5000, '1235456', 'NISSAN', 'ejecutiva', 30, '215468654', 213156489, '2022-11-24', 21465, '2021-12-30', 543218798, '2022-09-27', 1, '2021-07-10');

--
-- Índices para tablas volcadas
--

--
-- Indices de la tabla `asignar`
--
ALTER TABLE `asignar`
  ADD PRIMARY KEY (`id_asignar`),
  ADD KEY `num_interno_vehiculo` (`num_interno_vehiculo`),
  ADD KEY `id_conductor` (`id_conductor`);

--
-- Indices de la tabla `categorias`
--
ALTER TABLE `categorias`
  ADD PRIMARY KEY (`id_categoria`);

--
-- Indices de la tabla `conductores`
--
ALTER TABLE `conductores`
  ADD PRIMARY KEY (`id_conductor`),
  ADD KEY `id_tipo_usuario` (`id_tipo_usuario`),
  ADD KEY `id_estado` (`id_estado`),
  ADD KEY `id_categoria` (`id_categoria`);

--
-- Indices de la tabla `contratar`
--
ALTER TABLE `contratar`
  ADD PRIMARY KEY (`id_contratar`),
  ADD KEY `id_conductor` (`id_conductor`),
  ADD KEY `id_propietario` (`id_propietario`);

--
-- Indices de la tabla `departamentos`
--
ALTER TABLE `departamentos`
  ADD PRIMARY KEY (`id_departamento`);

--
-- Indices de la tabla `detalle_rodamiento`
--
ALTER TABLE `detalle_rodamiento`
  ADD PRIMARY KEY (`id_detalle_rodamiento`),
  ADD KEY `id_rodamiento` (`id_rodamiento`);

--
-- Indices de la tabla `detalle_rutas`
--
ALTER TABLE `detalle_rutas`
  ADD PRIMARY KEY (`id_detalle_rutas`),
  ADD KEY `id_rutas` (`id_rutas`),
  ADD KEY `id_estado` (`id_estado`);

--
-- Indices de la tabla `estado`
--
ALTER TABLE `estado`
  ADD PRIMARY KEY (`id_estado`);

--
-- Indices de la tabla `municipios`
--
ALTER TABLE `municipios`
  ADD PRIMARY KEY (`id_municipio`),
  ADD KEY `id_departamento` (`id_departamento`);

--
-- Indices de la tabla `poseer`
--
ALTER TABLE `poseer`
  ADD PRIMARY KEY (`id_poseer`),
  ADD KEY `id_propietario` (`id_propietario`),
  ADD KEY `num_interno_vehiculo` (`num_interno_vehiculo`);

--
-- Indices de la tabla `propietarios`
--
ALTER TABLE `propietarios`
  ADD PRIMARY KEY (`id_propietario`),
  ADD KEY `id_tipo_usuario` (`id_tipo_usuario`),
  ADD KEY `id_estado` (`id_estado`);

--
-- Indices de la tabla `rodamientos`
--
ALTER TABLE `rodamientos`
  ADD PRIMARY KEY (`id_rodamiento`),
  ADD KEY `id_rutas` (`id_rutas`);

--
-- Indices de la tabla `rutas`
--
ALTER TABLE `rutas`
  ADD PRIMARY KEY (`id_rutas`),
  ADD KEY `id_estado` (`id_estado`);

--
-- Indices de la tabla `rutas_vehiculos`
--
ALTER TABLE `rutas_vehiculos`
  ADD PRIMARY KEY (`id_rutas_vehiculos`),
  ADD KEY `id_rutas` (`id_rutas`),
  ADD KEY `num_interno_vehiculo` (`num_interno_vehiculo`);

--
-- Indices de la tabla `taquilleros`
--
ALTER TABLE `taquilleros`
  ADD PRIMARY KEY (`id_taquillero`),
  ADD KEY `id_estado` (`id_estado`),
  ADD KEY `id_tipo_usuario` (`id_tipo_usuario`);

--
-- Indices de la tabla `tipo_usuarios`
--
ALTER TABLE `tipo_usuarios`
  ADD PRIMARY KEY (`id_tipo_usuario`);

--
-- Indices de la tabla `tipo_vehiculo`
--
ALTER TABLE `tipo_vehiculo`
  ADD PRIMARY KEY (`id_tipo_vehiculo`);

--
-- Indices de la tabla `usuarios`
--
ALTER TABLE `usuarios`
  ADD PRIMARY KEY (`id_usuario`),
  ADD KEY `id_tipo_usuario` (`id_tipo_usuario`),
  ADD KEY `id_estado` (`id_estado`);

--
-- Indices de la tabla `vehiculos`
--
ALTER TABLE `vehiculos`
  ADD PRIMARY KEY (`num_interno_vehiculo`),
  ADD KEY `id_tipo_vehiculo` (`id_tipo_vehiculo`),
  ADD KEY `id_estado` (`id_estado`);

--
-- AUTO_INCREMENT de las tablas volcadas
--

--
-- AUTO_INCREMENT de la tabla `asignar`
--
ALTER TABLE `asignar`
  MODIFY `id_asignar` int(10) NOT NULL AUTO_INCREMENT, AUTO_INCREMENT=24;
--
-- AUTO_INCREMENT de la tabla `categorias`
--
ALTER TABLE `categorias`
  MODIFY `id_categoria` int(3) NOT NULL AUTO_INCREMENT, AUTO_INCREMENT=9;
--
-- AUTO_INCREMENT de la tabla `conductores`
--
ALTER TABLE `conductores`
  MODIFY `id_conductor` int(10) NOT NULL AUTO_INCREMENT, AUTO_INCREMENT=23;
--
-- AUTO_INCREMENT de la tabla `contratar`
--
ALTER TABLE `contratar`
  MODIFY `id_contratar` int(10) NOT NULL AUTO_INCREMENT, AUTO_INCREMENT=3;
--
-- AUTO_INCREMENT de la tabla `departamentos`
--
ALTER TABLE `departamentos`
  MODIFY `id_departamento` int(11) NOT NULL AUTO_INCREMENT, AUTO_INCREMENT=33;
--
-- AUTO_INCREMENT de la tabla `detalle_rodamiento`
--
ALTER TABLE `detalle_rodamiento`
  MODIFY `id_detalle_rodamiento` int(10) NOT NULL AUTO_INCREMENT, AUTO_INCREMENT=476;
--
-- AUTO_INCREMENT de la tabla `detalle_rutas`
--
ALTER TABLE `detalle_rutas`
  MODIFY `id_detalle_rutas` int(10) NOT NULL AUTO_INCREMENT, AUTO_INCREMENT=192;
--
-- AUTO_INCREMENT de la tabla `estado`
--
ALTER TABLE `estado`
  MODIFY `id_estado` int(2) NOT NULL AUTO_INCREMENT, AUTO_INCREMENT=3;
--
-- AUTO_INCREMENT de la tabla `municipios`
--
ALTER TABLE `municipios`
  MODIFY `id_municipio` int(11) NOT NULL AUTO_INCREMENT, AUTO_INCREMENT=1103;
--
-- AUTO_INCREMENT de la tabla `poseer`
--
ALTER TABLE `poseer`
  MODIFY `id_poseer` int(10) NOT NULL AUTO_INCREMENT, AUTO_INCREMENT=6;
--
-- AUTO_INCREMENT de la tabla `propietarios`
--
ALTER TABLE `propietarios`
  MODIFY `id_propietario` int(10) NOT NULL AUTO_INCREMENT, AUTO_INCREMENT=4;
--
-- AUTO_INCREMENT de la tabla `rodamientos`
--
ALTER TABLE `rodamientos`
  MODIFY `id_rodamiento` int(10) NOT NULL AUTO_INCREMENT, AUTO_INCREMENT=8;
--
-- AUTO_INCREMENT de la tabla `rutas`
--
ALTER TABLE `rutas`
  MODIFY `id_rutas` int(10) NOT NULL AUTO_INCREMENT, AUTO_INCREMENT=11;
--
-- AUTO_INCREMENT de la tabla `rutas_vehiculos`
--
ALTER TABLE `rutas_vehiculos`
  MODIFY `id_rutas_vehiculos` int(10) NOT NULL AUTO_INCREMENT, AUTO_INCREMENT=112;
--
-- AUTO_INCREMENT de la tabla `taquilleros`
--
ALTER TABLE `taquilleros`
  MODIFY `id_taquillero` int(10) NOT NULL AUTO_INCREMENT, AUTO_INCREMENT=3;
--
-- AUTO_INCREMENT de la tabla `tipo_usuarios`
--
ALTER TABLE `tipo_usuarios`
  MODIFY `id_tipo_usuario` int(10) NOT NULL AUTO_INCREMENT, AUTO_INCREMENT=5;
--
-- AUTO_INCREMENT de la tabla `tipo_vehiculo`
--
ALTER TABLE `tipo_vehiculo`
  MODIFY `id_tipo_vehiculo` int(10) NOT NULL AUTO_INCREMENT, AUTO_INCREMENT=4;
--
-- AUTO_INCREMENT de la tabla `usuarios`
--
ALTER TABLE `usuarios`
  MODIFY `id_usuario` int(10) NOT NULL AUTO_INCREMENT, AUTO_INCREMENT=3;
--
-- Restricciones para tablas volcadas
--

--
-- Filtros para la tabla `asignar`
--
ALTER TABLE `asignar`
  ADD CONSTRAINT `asignar_ibfk_2` FOREIGN KEY (`num_interno_vehiculo`) REFERENCES `vehiculos` (`num_interno_vehiculo`),
  ADD CONSTRAINT `asignar_ibfk_3` FOREIGN KEY (`id_conductor`) REFERENCES `conductores` (`id_conductor`);

--
-- Filtros para la tabla `conductores`
--
ALTER TABLE `conductores`
  ADD CONSTRAINT `conductores_ibfk_1` FOREIGN KEY (`id_tipo_usuario`) REFERENCES `tipo_usuarios` (`id_tipo_usuario`),
  ADD CONSTRAINT `conductores_ibfk_2` FOREIGN KEY (`id_estado`) REFERENCES `estado` (`id_estado`),
  ADD CONSTRAINT `conductores_ibfk_3` FOREIGN KEY (`id_categoria`) REFERENCES `categorias` (`id_categoria`);

--
-- Filtros para la tabla `contratar`
--
ALTER TABLE `contratar`
  ADD CONSTRAINT `contratar_ibfk_1` FOREIGN KEY (`id_conductor`) REFERENCES `conductores` (`id_conductor`),
  ADD CONSTRAINT `contratar_ibfk_2` FOREIGN KEY (`id_propietario`) REFERENCES `propietarios` (`id_propietario`);

--
-- Filtros para la tabla `detalle_rutas`
--
ALTER TABLE `detalle_rutas`
  ADD CONSTRAINT `detalle_rutas_ibfk_1` FOREIGN KEY (`id_rutas`) REFERENCES `rutas` (`id_rutas`);

--
-- Filtros para la tabla `municipios`
--
ALTER TABLE `municipios`
  ADD CONSTRAINT `municipios_ibfk_1` FOREIGN KEY (`id_departamento`) REFERENCES `departamentos` (`id_departamento`);

--
-- Filtros para la tabla `poseer`
--
ALTER TABLE `poseer`
  ADD CONSTRAINT `poseer_ibfk_1` FOREIGN KEY (`id_propietario`) REFERENCES `propietarios` (`id_propietario`),
  ADD CONSTRAINT `poseer_ibfk_2` FOREIGN KEY (`num_interno_vehiculo`) REFERENCES `vehiculos` (`num_interno_vehiculo`);

--
-- Filtros para la tabla `propietarios`
--
ALTER TABLE `propietarios`
  ADD CONSTRAINT `propietarios_ibfk_1` FOREIGN KEY (`id_tipo_usuario`) REFERENCES `tipo_usuarios` (`id_tipo_usuario`),
  ADD CONSTRAINT `propietarios_ibfk_2` FOREIGN KEY (`id_estado`) REFERENCES `estado` (`id_estado`);

--
-- Filtros para la tabla `rutas`
--
ALTER TABLE `rutas`
  ADD CONSTRAINT `rutas_ibfk_1` FOREIGN KEY (`id_estado`) REFERENCES `estado` (`id_estado`);

--
-- Filtros para la tabla `rutas_vehiculos`
--
ALTER TABLE `rutas_vehiculos`
  ADD CONSTRAINT `rutas_vehiculos_ibfk_1` FOREIGN KEY (`id_rutas`) REFERENCES `rutas` (`id_rutas`),
  ADD CONSTRAINT `rutas_vehiculos_ibfk_2` FOREIGN KEY (`num_interno_vehiculo`) REFERENCES `vehiculos` (`num_interno_vehiculo`);

--
-- Filtros para la tabla `taquilleros`
--
ALTER TABLE `taquilleros`
  ADD CONSTRAINT `taquilleros_ibfk_1` FOREIGN KEY (`id_estado`) REFERENCES `estado` (`id_estado`),
  ADD CONSTRAINT `taquilleros_ibfk_2` FOREIGN KEY (`id_tipo_usuario`) REFERENCES `tipo_usuarios` (`id_tipo_usuario`);

--
-- Filtros para la tabla `usuarios`
--
ALTER TABLE `usuarios`
  ADD CONSTRAINT `usuarios_ibfk_1` FOREIGN KEY (`id_tipo_usuario`) REFERENCES `tipo_usuarios` (`id_tipo_usuario`),
  ADD CONSTRAINT `usuarios_ibfk_2` FOREIGN KEY (`id_estado`) REFERENCES `estado` (`id_estado`);

--
-- Filtros para la tabla `vehiculos`
--
ALTER TABLE `vehiculos`
  ADD CONSTRAINT `vehiculos_ibfk_1` FOREIGN KEY (`id_tipo_vehiculo`) REFERENCES `tipo_vehiculo` (`id_tipo_vehiculo`),
  ADD CONSTRAINT `vehiculos_ibfk_2` FOREIGN KEY (`id_estado`) REFERENCES `estado` (`id_estado`);

/*!40101 SET CHARACTER_SET_CLIENT=@OLD_CHARACTER_SET_CLIENT */;
/*!40101 SET CHARACTER_SET_RESULTS=@OLD_CHARACTER_SET_RESULTS */;
/*!40101 SET COLLATION_CONNECTION=@OLD_COLLATION_CONNECTION */;
